provider_id,label,source,added_at
f0100033,RRM- 雅典娜 -asia 11,filfox,2026-03-05
f0100034,RRM- 雅典娜 -asia 12,filfox,2026-03-05
f0100050,Cloud Korea,filfox,2026-03-05
f0100066,전우삼,filfox,2026-03-05
f0100082,MAXPIA HIGHMINING,filfox,2026-03-05
f010010,youworld,filfox,2026-03-05
f01002302,YiLianTong,filfox,2026-03-05
f010035,XJYT-01,filrep,2026-03-05
f010038,DCPool-Moon,filfox,2026-03-05
f010048,testone,filfox,2026-03-05
f010056,KJS,filfox,2026-03-05
f0100786,Steven,filfox,2026-03-05
f010084,KK,filfox,2026-03-05
f010088,Purumine,filfox,2026-03-05
f0101016,_,filfox,2026-03-05
f0101087,JuHakSeo,filfox,2026-03-05
f01012,manniu,filfox,2026-03-05
f0101387,中準國際,filfox,2026-03-05
f0101403,dignode,filfox,2026-03-05
f0101570,天安共同富裕,filfox,2026-03-05
f0101611,TIANYI,filfox,2026-03-05
f01016198,ANT,filfox,2026-03-05
f01016882,F1314,filfox,2026-03-05
f010173,lns-tv,filfox,2026-03-05
f01019391,满存&飞云,filfox,2026-03-05
f01019418,黑马矿池,filfox,2026-03-05
f01019869,Wan Bang Shu Ke,filfox,2026-03-05
f010202,DCPool-Venus,filfox,2026-03-05
f01021204,WH Tech,filfox,2026-03-05
f01021756,syndiweb,filfox,2026-03-05
f01021773,ZKYK,filfox,2026-03-05
f0102187,hUPool,filfox,2026-03-05
f010225,蜂巢云矿池,filrep,2026-03-05
f010230,opstest,filfox,2026-03-05
f0102374,W&L,filfox,2026-03-05
f0102375,富媒有矿,filfox,2026-03-05
f0102376,画羽矿池,filfox,2026-03-05
f01024569,AllRoadSuper001,filfox,2026-03-05
f010247,烟台.意识劉,filrep,2026-03-05
f0102513,chitian,filrep,2026-03-05
f010254,Leesin,filfox,2026-03-05
f01025778,Guoao,filfox,2026-03-05
f01027747,JVS MM2,filfox,2026-03-05
f01028659,星启云,filfox,2026-03-05
f010299,c,filfox,2026-03-05
f01030424,中国云·费尔科技,filfox,2026-03-05
f01030435,china cloud,filfox,2026-03-05
f01030442,汉唐-砂砂云,filfox,2026-03-05
f010308,phoenix,filfox,2026-03-05
f0103162,QiaomuHuitong,filfox,2026-03-05
f01031823,金蛇郎君,filfox,2026-03-05
f01032055,D&W-马杨一号,filfox,2026-03-05
f0103282,yzl,filfox,2026-03-05
f01032858,one-chain software,filfox,2026-03-05
f01032989,Wan Li,filfox,2026-03-05
f01033096,Ant Cluster,filfox,2026-03-05
f01033805,CCNC,filfox,2026-03-05
f01033923,jung semi,filfox,2026-03-05
f01033926,OCEAN MINING,filfox,2026-03-05
f0103396,JXSD,filfox,2026-03-05
f0103485,点储科技-α,filfox,2026-03-05
f01035021,鲸算云,filfox,2026-03-05
f01035680,Forked One,filfox,2026-03-05
f0103619,Dream,filfox,2026-03-05
f0103704,中源智慧,filfox,2026-03-05
f0103710,DFIL君创,filfox,2026-03-05
f01038189,Stellar Cloud,filfox,2026-03-05
f01038389,Bull cloud,filfox,2026-03-05
f0103851,乐存&飞尔,filfox,2026-03-05
f01038625,贇享矿池,filfox,2026-03-05
f01038663,真龙天子,filfox,2026-03-05
f01038861,楠科科技,filfox,2026-03-05
f01039350,Zpool·吉链云,filfox,2026-03-05
f01039753,stone,filfox,2026-03-05
f010398,INSYSTEM,filfox,2026-03-05
f010399,XJCK,filfox,2026-03-05
f010400,LifeCloud,filfox,2026-03-05
f0104001,数信科技-α,filfox,2026-03-05
f01040469,FMDAM,filfox,2026-03-05
f010405,咸茶,filrep,2026-03-05
f0104103,chuangxiang,filfox,2026-03-05
f01042276,双鱼座（云拍）,filfox,2026-03-05
f010424,RRM- 雅典娜 -au 01,filfox,2026-03-05
f01043193,心灵黑客,filfox,2026-03-05
f01043780,智汇云,filfox,2026-03-05
f01044297,blubluck_busan,filfox,2026-03-05
f01044351,Choigang,filfox,2026-03-05
f010446,f010446,filfox,2026-03-05
f01045198,Hope No.1,filfox,2026-03-05
f01045812,TEN2,filfox,2026-03-05
f0104654,RRM- 雅典娜 -asia 13,filfox,2026-03-05
f01047011,蜻蜓云F3,filfox,2026-03-05
f010479,s0nik42,filrep,2026-03-05
f01048770,善能科技,filfox,2026-03-05
f0104888,溪流家,filfox,2026-03-05
f01048957,FILMountain,filfox,2026-03-05
f010491,pengpeng-Dickies,filfox,2026-03-05
f01049102,f01049102,filfox,2026-03-05
f010493,Interstellar Roewe Pool,filrep,2026-03-05
f01049468,同创云,filfox,2026-03-05
f010498,Interstellar Roewe Pool,filrep,2026-03-05
f010501,Interstellar Roewe Pool,filrep,2026-03-05
f01050286,sZe Cloud,filfox,2026-03-05
f010505,Interstellar Roewe Pool,filrep,2026-03-05
f010507,ciger,filfox,2026-03-05
f01051178,翕风科技,filfox,2026-03-05
f010513,Interstellar Roewe Pool,filrep,2026-03-05
f01051828,PiKNiK - JRAK001,filfox,2026-03-05
f01052311,MinerVa,filfox,2026-03-05
f010528,Interstellar Roewe Pool,filrep,2026-03-05
f01052991,EZER 김문자,filfox,2026-03-05
f01053413,Galaxy,filfox,2026-03-05
f0105354,智银生-α,filfox,2026-03-05
f010538,蜂巢云矿池,filrep,2026-03-05
f010551,NL,filfox,2026-03-05
f010558,YW,filrep,2026-03-05
f01055821,问道云,filfox,2026-03-05
f01056782,Niki Pool-19,filfox,2026-03-05
f01057193,佰慧-太湖7号,filfox,2026-03-05
f01059489,etlink,filfox,2026-03-05
f01061547,null,filfox,2026-03-05
f010616,蜂巢云矿池,filrep,2026-03-05
f010617,kernelogic2,filfox,2026-03-05
f01062833,ShunDeGoGoGo,filfox,2026-03-05
f01063832,YDCD,filfox,2026-03-05
f01063833,Galaxy,filfox,2026-03-05
f0106438,建正1515,filfox,2026-03-05
f01064991,kwj-chw,filfox,2026-03-05
f01065505,BE.Cloud,filfox,2026-03-05
f01066009,Prinsengracht B.V.,filfox,2026-03-05
f01066517,unknown,filfox,2026-03-05
f01068111,Sinotech cloud storage 008,filfox,2026-03-05
f0106901,堃基科技-α,filfox,2026-03-05
f0106922,Star gate pool,filfox,2026-03-05
f0106949,YNKINNO.M.C,filfox,2026-03-05
f01069919,f01069919,filfox,2026-03-05
f0107002,hUPool,filfox,2026-03-05
f01070149,YanYue BlockChain,filfox,2026-03-05
f01070158,GJL888,filfox,2026-03-05
f01070319,pandaminer,filfox,2026-03-05
f0107053,北泓科技-α,filfox,2026-03-05
f01070558,算力蜂,filfox,2026-03-05
f0107091,堃基科技-α,filfox,2026-03-05
f0107133,EZER KCCN102,filfox,2026-03-05
f01071719,node data,filfox,2026-03-05
f0107308,CWF,filfox,2026-03-05
f0107322,9K云,filfox,2026-03-05
f01073851,汇芯存储,filfox,2026-03-05
f01074953,SC-Miner,filfox,2026-03-05
f01075086,波塞冬,filfox,2026-03-05
f01075153,Jinxiu Technology,filfox,2026-03-05
f0107536,ode-琮元数腾,filfox,2026-03-05
f01075514,EZER 이태희,filfox,2026-03-05
f01075517,EZER 김종수,filfox,2026-03-05
f0107656,S,filfox,2026-03-05
f01076600,kss wave,filfox,2026-03-05
f01076644,SZY~辰,filfox,2026-03-05
f01077516,LJH0904,filfox,2026-03-05
f01077708,ThinkChainStorage,filfox,2026-03-05
f01077777,dy,filfox,2026-03-05
f0107797,FilArk & HelloFIL,filfox,2026-03-05
f0107903,Huobi Mall,filfox,2026-03-05
f0107916,xheibailabs,filfox,2026-03-05
f01079646,zihaiyun-kunpeng,filfox,2026-03-05
f0107995,MAXPIA☆SEJONG,filfox,2026-03-05
f0107999,赛道云腾,filfox,2026-03-05
f01081349,Daily Go Go Go,filfox,2026-03-05
f01081449,FILTR,filfox,2026-03-05
f01081786,filecoin.plus,filfox,2026-03-05
f01082888,Bhero8 & filecoin.plus,filrep,2026-03-05
f01083999,filecoin.plus,filfox,2026-03-05
f01084913,辉尔&云凡&filecoin.plus,filrep,2026-03-05
f01086350,OASIS & YANGFAN,filfox,2026-03-05
f0108672,test1,filfox,2026-03-05
f01086762,PLUSTER2,filfox,2026-03-05
f01086808,Greaterheat,nova_energy,2026-03-05
f01089169,曙链云,filfox,2026-03-05
f0108979,CryptoHash,filfox,2026-03-05
f01089898,EZER 강용환,filfox,2026-03-05
f01090043,EUWA IDC 0,filfox,2026-03-05
f0109040,...,filfox,2026-03-05
f01090983,Dayan Earth Node I,filfox,2026-03-05
f0109272,AOU奥云-互应科技,filfox,2026-03-05
f01093419,HTpool联盟,filfox,2026-03-05
f01095558,云界-CLOUDWORLD,filfox,2026-03-05
f01095694,SparqCloud,filfox,2026-03-05
f01096056,123,filfox,2026-03-05
f0109606,ZZBY,filfox,2026-03-05
f01096124,K-DreamPool,filfox,2026-03-05
f01097059,kidu.pool,filfox,2026-03-05
f0109743,Fly Sealing Node2,filfox,2026-03-05
f01097758,CCNC,filfox,2026-03-05
f01098119,SuanLiFeng-FZ-01,filfox,2026-03-05
f01098271,灰度（中国）杭州,filfox,2026-03-05
f01098810,币加所,filfox,2026-03-05
f01098835,SLPOOL.IN,filfox,2026-03-05
f01098931,huachongqicai,filfox,2026-03-05
f0109894,superhhh,filfox,2026-03-05
f0109903,volcanoran,filfox,2026-03-05
f01099739,My Miner,filfox,2026-03-05
f01100139,XDL-IPFS,filfox,2026-03-05
f01101,领跑者&链湃科技,filfox,2026-03-05
f0110101,test finish,filfox,2026-03-05
f0110110,小鱼极光云1号,filfox,2026-03-05
f01101298,Maxpia Young,filfox,2026-03-05
f01101315,旭宸存储,filfox,2026-03-05
f01101426,云储 - 星辰POOL,filfox,2026-03-05
f0110198,easy_no04,filfox,2026-03-05
f01102,Five-Star(Chainpion},filfox,2026-03-05
f01102194,mili,filfox,2026-03-05
f0110261,Black whale cloud,filfox,2026-03-05
f0110283,sunqi ipfs co,filfox,2026-03-05
f0110289,Fairdata,filfox,2026-03-05
f01102936,链盟,filfox,2026-03-05
f01103160,FilMountain,filfox,2026-03-05
f01103841,Jinsheng Miner,filfox,2026-03-05
f01103923,kaier miner,filfox,2026-03-05
f01104018,云鼎,filfox,2026-03-05
f0110442,SSDMiner-Pangu,filfox,2026-03-05
f01104909,IExcelCloud,filfox,2026-03-05
f01105647,范儿社,filfox,2026-03-05
f01105829,InnerShare Ver.1,filfox,2026-03-05
f01106117,Moongate,filfox,2026-03-05
f01106730,gouzeishushu,filfox,2026-03-05
f01106820,星河云储,filfox,2026-03-05
f0110695,恒鑫云,filfox,2026-03-05
f0110696,盈通世纪,filfox,2026-03-05
f01107182,파일뱅크  O•T,filfox,2026-03-05
f01107192,박철규,filfox,2026-03-05
f01107585,Mystery No.2,filfox,2026-03-05
f0110762,EZER 김봉섭,filfox,2026-03-05
f0110768,File CO CO,filfox,2026-03-05
f0110801,easy_no03,filfox,2026-03-05
f0110808,GR Digital,filfox,2026-03-05
f01108096,HashShare with AiDapps,filfox,2026-03-05
f01108129,IPFS-global-02,filfox,2026-03-05
f0110936,ShangHe Technology,filfox,2026-03-05
f0110944,btcsl,filfox,2026-03-05
f0110996,FILOAN,filfox,2026-03-05
f01110111,DIG,filfox,2026-03-05
f01110660,Burning wings,filfox,2026-03-05
f01110844,盛唐时空,filfox,2026-03-05
f01111131,麒麟谷413,filfox,2026-03-05
f01111457,赵前,filfox,2026-03-05
f0111174,Round Digital,filfox,2026-03-05
f01112541,zeethio,filfox,2026-03-05
f01112782,Nebula,filfox,2026-03-05
f0111343,datastone@Gemini,filfox,2026-03-05
f0111384,CloudPool,filfox,2026-03-05
f0111499,Bitmory-Dafeng Technology,filfox,2026-03-05
f01115166,FileGlobal 3,filfox,2026-03-05
f01115279,金矿会,filfox,2026-03-05
f0111544,김은희,filfox,2026-03-05
f01115686,Steed,filfox,2026-03-05
f0111584,COMBASST,filfox,2026-03-05
f0111658,Western world 003,filfox,2026-03-05
f01116664,CXYC,filfox,2026-03-05
f01116666,YAYUN,filfox,2026-03-05
f01117341,EUWA IDC 1,filfox,2026-03-05
f01117775,High Mining,filfox,2026-03-05
f01117949,f01117949,filfox,2026-03-05
f01118499,申花云,filfox,2026-03-05
f01118788,链矿科技,filfox,2026-03-05
f0111885,Healthcarenavi_50,filfox,2026-03-05
f01118970,sZe Cloud snowballs,filfox,2026-03-05
f01119890,Apex,filfox,2026-03-05
f0112075,EZER류종호,filfox,2026-03-05
f0112087,Xinghe Cloud,filfox,2026-03-05
f01121232,Bl0cks1d3,filfox,2026-03-05
f01121887,Ant diary(Macau) digital technology limited,filfox,2026-03-05
f01122339,Universal Cloud,filfox,2026-03-05
f01122448,ALL Crypto with AIDAPPS,filfox,2026-03-05
f01123833,yun chi,filfox,2026-03-05
f01125168,Hanjiang-1,filfox,2026-03-05
f01125371,win-bee,filfox,2026-03-05
f01125511,O2O GLOBAL,filfox,2026-03-05
f01125521,自嗨云,filfox,2026-03-05
f01125783,藍英-坦创-斯哲云,filfox,2026-03-05
f01125834,zhongxin,filfox,2026-03-05
f01125858,MarsPool-2,filfox,2026-03-05
f01125913,FMINE.COM,filfox,2026-03-05
f0112593,Skypool,filfox,2026-03-05
f0112667,12Ships,filrep,2026-03-05
f01126799,IPFS infinite JAPAN 2,filfox,2026-03-05
f0112691,EZER이기선,filfox,2026-03-05
f0112713,Healthcarenavi_70,filfox,2026-03-05
f01127273,qiyuncunchu,filfox,2026-03-05
f0112762,星际探索,filfox,2026-03-05
f01128326,lyp,filfox,2026-03-05
f01128468,Plutus,filfox,2026-03-05
f01128709,EZER 이현지,filfox,2026-03-05
f01128800,xinwangda,filfox,2026-03-05
f01129866,hnbykj,filfox,2026-03-05
f01129867,刘瑞志,filfox,2026-03-05
f01130193,DivineLand-JiZhou,filfox,2026-03-05
f01130543,奇丰云,filfox,2026-03-05
f01130544,佳佳云,filfox,2026-03-05
f01130682,LWW,filfox,2026-03-05
f01131466,FilPlus,filfox,2026-03-05
f01131653,s,filfox,2026-03-05
f01132015,hbcs,filfox,2026-03-05
f01132066,RRM-雅典娜-asia 78,filfox,2026-03-05
f01132083,RRM-雅典娜-asia 77,filfox,2026-03-05
f01132085,RRM-雅典娜-asia 75,filfox,2026-03-05
f01132087,RRM-YDN-SYLD 01,filfox,2026-03-05
f01132094,RRM-雅典娜-asia 74,filfox,2026-03-05
f01132095,RRM-雅典娜-asia 79,filfox,2026-03-05
f01132096,RRM-雅典娜-asia 72,filfox,2026-03-05
f01132178,S,filfox,2026-03-05
f01132323,AllRoadSuper002,filfox,2026-03-05
f01132416,星际苍龙,filfox,2026-03-05
f01132516,Ideal666,filfox,2026-03-05
f01132686,IPFS-TW-QC,filfox,2026-03-05
f01133080,INDOMEX,filfox,2026-03-05
f0113331,OSThyd,filfox,2026-03-05
f01133532,RedStarErguotou,filfox,2026-03-05
f01135819,DCPool-Sun,filfox,2026-03-05
f01136274,wkirkpat001,filfox,2026-03-05
f01136283,阿德云,filfox,2026-03-05
f01137150,ND Labs & IPOLLO,filfox,2026-03-05
f01137229,J-eunice,filfox,2026-03-05
f01137297,三新矿池,filrep,2026-03-05
f0113735,算力果Slgpool.com-链存数据,filfox,2026-03-05
f0113754,Vila,filfox,2026-03-05
f0113777,ZY-LXG-BILL,filfox,2026-03-05
f01138496,赤兔科技-OX,filfox,2026-03-05
f01139961,TYSJ,filfox,2026-03-05
f0114043,정창화,filfox,2026-03-05
f0114126,REFIT,filfox,2026-03-05
f0114153,HLKJXNKC,filrep,2026-03-05
f01141633,EZER고박사,filfox,2026-03-05
f0114333,ipfs hold,filfox,2026-03-05
f0114338,benchi,filfox,2026-03-05
f01146660,Imperium Cloud-06 Wai Kee,filfox,2026-03-05
f0114687,KDD-3#,filfox,2026-03-05
f01147907,YiGou,filfox,2026-03-05
f01148129,qianyiyun,filfox,2026-03-05
f0114867,BestStorage&filecoin.plus,filfox,2026-03-05
f0114868,star&filecoin.plus,filfox,2026-03-05
f0114924,SSDMiner-Chang'e,filfox,2026-03-05
f01149873,Greaterheat,nova_energy,2026-03-05
f01150329,北极存储,filfox,2026-03-05
f01150686,河南古泽,filfox,2026-03-05
f0115108,SpaceDream_Phoenix,filfox,2026-03-05
f0115117,昆仑矿池,filfox,2026-03-05
f01152097,BlockShark,filfox,2026-03-05
f01152162,Future cloud,filfox,2026-03-05
f01152593,星连星3号,filfox,2026-03-05
f01153105,Rotation Technology,filfox,2026-03-05
f01154,Viln AB,filrep,2026-03-05
f01154023,Holon AU,nova_energy,2026-03-05
f01154827,chain storage space,filfox,2026-03-05
f01154901,"EZER 김지영,김무영",filfox,2026-03-05
f01155,DCPool-Uranus,filfox,2026-03-05
f01156228,MaxSpace,filfox,2026-03-05
f01156538,Holon AU,nova_energy,2026-03-05
f01156835,Holon AU,nova_energy,2026-03-05
f01156883,Holon AU,nova_energy,2026-03-05
f01156901,Holon AU,nova_energy,2026-03-05
f01156975,Holon AU,nova_energy,2026-03-05
f01157018,Holon AU,nova_energy,2026-03-05
f01157027,Holon AU,nova_energy,2026-03-05
f01157037,Holon AU,nova_energy,2026-03-05
f01157057,Holon AU,nova_energy,2026-03-05
f01157075,Holon AU,nova_energy,2026-03-05
f01157099,Holon AU,nova_energy,2026-03-05
f01157156,Holon AU,nova_energy,2026-03-05
f01157187,Holon AU,nova_energy,2026-03-05
f01157203,Holon AU,nova_energy,2026-03-05
f01157215,Holon AU,nova_energy,2026-03-05
f01157241,Holon AU,nova_energy,2026-03-05
f01157249,Holon AU,nova_energy,2026-03-05
f01157271,Holon AU,nova_energy,2026-03-05
f01157288,Holon AU,nova_energy,2026-03-05
f01157295,Holon AU,nova_energy,2026-03-05
f01157314,Holon AU,nova_energy,2026-03-05
f01157349,Holon AU,nova_energy,2026-03-05
f01157355,Holon AU,nova_energy,2026-03-05
f01157356,Holon AU,nova_energy,2026-03-05
f0115744,慢则快科技,filfox,2026-03-05
f01157868,Imperium Cloud-07 776,filfox,2026-03-05
f01157884,Imperium Cloud-08 Shing Kee,filfox,2026-03-05
f01157913,Imperium Cloud-09 Times Universal,filfox,2026-03-05
f01158296,IBSC,filfox,2026-03-05
f01159240,guozheng,filfox,2026-03-05
f0115990,G-project,filfox,2026-03-05
f01159979,CMOS,filfox,2026-03-05
f01161077,YD Pro,filfox,2026-03-05
f01162286,WEDO-DNODE,filfox,2026-03-05
f01164909,Holon AU,nova_energy,2026-03-05
f01165022,Holon AU,nova_energy,2026-03-05
f01165053,Holon AU,nova_energy,2026-03-05
f01165159,Holon AU,nova_energy,2026-03-05
f01165179,Holon AU,nova_energy,2026-03-05
f01165233,Holon AU,nova_energy,2026-03-05
f01165300,Holon AU,nova_energy,2026-03-05
f01165428,Holon AU,nova_energy,2026-03-05
f01165444,Holon AU,nova_energy,2026-03-05
f01165468,Holon AU,nova_energy,2026-03-05
f01165487,Holon AU,nova_energy,2026-03-05
f0116628,6628,filfox,2026-03-05
f01166620,Ant Cluster,filfox,2026-03-05
f01166697,软云&1413联盟&分布云,filfox,2026-03-05
f01167231,恒耀•兴强科技,filfox,2026-03-05
f01167330,FileGlobal 4,filfox,2026-03-05
f01168661,ND Labs & IPOLLO,filfox,2026-03-05
f01168710,DYM,filfox,2026-03-05
f01168901,junpop,filfox,2026-03-05
f01169380,YiGou,filfox,2026-03-05
f01169693,坤陀存储,filfox,2026-03-05
f01169790,LIANTOUKEJI,filfox,2026-03-05
f0117118,노일,filfox,2026-03-05
f01171440,晶彩云,filfox,2026-03-05
f0117146,YC sciences,filfox,2026-03-05
f01171513,比鲁斯,filfox,2026-03-05
f0117211,TAILIN,filfox,2026-03-05
f01172521,FilEr,filfox,2026-03-05
f0117318,ShangZhuFengYunA,filfox,2026-03-05
f01173906,O.S & Tech,filfox,2026-03-05
f0117405,IPFSTAR&1024IPFS,filfox,2026-03-05
f0117416,Huobi Mall,filfox,2026-03-05
f0117439,REFIT2,filfox,2026-03-05
f01174479,Want Want,filfox,2026-03-05
f0117450,富国丰,filfox,2026-03-05
f01174617,Interstellar resultant force,filfox,2026-03-05
f01174644,Pengcheng No.1,filfox,2026-03-05
f01174867,Jin Yi Yun Chu,filfox,2026-03-05
f01174899,Luo Wen Ze,filfox,2026-03-05
f01174943,Guanchen Science and Technology No.2,filfox,2026-03-05
f01174958,Quick Storage Technology 2021,filfox,2026-03-05
f01175097,PiKNiK - Perseus I,filfox,2026-03-05
f0117541,RRM- 雅典娜 -asia 14,filfox,2026-03-05
f0117542,RRM- 雅典娜 -asia 15,filfox,2026-03-05
f0117543,RRM- 雅典娜 -asia 16,filfox,2026-03-05
f0117585,RRM-雅典娜-asia 70,filfox,2026-03-05
f0117586,RRM-雅典娜-asia 71,filfox,2026-03-05
f0117587,RRM-雅典娜-asia 76,filfox,2026-03-05
f01175900,xhwl -飞鸽,filfox,2026-03-05
f01176154,EZER경북복재규,filfox,2026-03-05
f01176492,zeethio,filfox,2026-03-05
f01176700,HimChan with AiDapps,filfox,2026-03-05
f01176782,DIG,filfox,2026-03-05
f01177571,Microbee-Ant Mine Pool,filfox,2026-03-05
f01178141,SXX,nova_energy,2026-03-05
f01178222,YunHe Storage,filfox,2026-03-05
f01178312,MAGMA 2,filfox,2026-03-05
f01178403,驱动蔚来&驱动研芯,filfox,2026-03-05
f01179094,雨雀,filfox,2026-03-05
f01179163,DMEX,filfox,2026-03-05
f01179662,sdcc,filfox,2026-03-05
f0118028,旌华存储,filfox,2026-03-05
f01180632,KC-LCYC,filfox,2026-03-05
f0118167,MC POOL,filfox,2026-03-05
f01183585,云储一号,filfox,2026-03-05
f01183845,FILPLUS,filfox,2026-03-05
f01184941,XinLianYun,filfox,2026-03-05
f0118512,BrotherMiningAlliance,filfox,2026-03-05
f01186112,老铲子科技,filfox,2026-03-05
f0118641,蜂窝矿业,filfox,2026-03-05
f01186659,MaxPower,filfox,2026-03-05
f0118695,EZER이창원&김경원,filfox,2026-03-05
f0118769,Nebula,filfox,2026-03-05
f01188117,链存云池,filfox,2026-03-05
f0118837,정경자,filfox,2026-03-05
f01188373,Practice Socialist Core Values,filfox,2026-03-05
f01189202,Geek Pool,filfox,2026-03-05
f01189566,WEDO,filfox,2026-03-05
f01189663,Aircomx-A,filfox,2026-03-05
f01190002,MY FINTECH LAB,filfox,2026-03-05
f01190509,Fseed-Beta,filfox,2026-03-05
f01190978,minglongpuxin,filfox,2026-03-05
f01191451,HCN35,filfox,2026-03-05
f01191481,Anhui Liancun,filfox,2026-03-05
f01191816,数字方舟-远航者号,filfox,2026-03-05
f01192149,Novel&ShengWei&Tuoyun,filfox,2026-03-05
f01192325,Comminer Inter.,filfox,2026-03-05
f01193205,EZER 김정태,filfox,2026-03-05
f01193207,"EZER 김지영,김무영2",filfox,2026-03-05
f0119545,小雨点--中瀚,filfox,2026-03-05
f01195470,Mystery No.1,filfox,2026-03-05
f01195666,星贝科技,filfox,2026-03-05
f01195905,KTmine,filfox,2026-03-05
f0119633,GeekStar,filfox,2026-03-05
f01197354,wwwyo,filfox,2026-03-05
f01197441,亿象集群,filfox,2026-03-05
f01198070,GuGyeongSu,filfox,2026-03-05
f01198650,Louis,filfox,2026-03-05
f01198927,心和,filfox,2026-03-05
f01199430,DCENT,nova_energy,2026-03-05
f01199442,DCENT,nova_energy,2026-03-05
f0119976,Zhongshang cloud—RC,filfox,2026-03-05
f0119997,币果缤纷,filfox,2026-03-05
f01200082,lilingchao,filfox,2026-03-05
f0120057,西部世界005,filfox,2026-03-05
f01201327,DCENT,nova_energy,2026-03-05
f0120141,FMIDC k,filfox,2026-03-05
f01201505,HaoDigiccy,filfox,2026-03-05
f01202106,Kim jaewon_3,filfox,2026-03-05
f01202111,THEBAUM,filfox,2026-03-05
f01203143,fengwo cluster,filfox,2026-03-05
f01203899,光速云储,filfox,2026-03-05
f01204055,EZER 구미김운학,filfox,2026-03-05
f0120546,박용조,filfox,2026-03-05
f01205854,矿工基地,filfox,2026-03-05
f01206961,kworld,filfox,2026-03-05
f0120702,ZRKJ,filfox,2026-03-05
f01207023,JUJING,filfox,2026-03-05
f01207041,Colorful Cloud Tech,filfox,2026-03-05
f01207045,DCENT,nova_energy,2026-03-05
f01207214,blubluck_pohang,filfox,2026-03-05
f0120793,EZER한명호,filfox,2026-03-05
f01208189,Holon AU,nova_energy,2026-03-05
f01208421,HCN36,filfox,2026-03-05
f01208526,湖南星际萤火科技有限公司,filfox,2026-03-05
f01208862,DCENT,nova_energy,2026-03-05
f01209022,Geeker Cloud,filfox,2026-03-05
f01209068,tianyou,filfox,2026-03-05
f0120909,xh,filfox,2026-03-05
f01209313,IMPRV CULTURES #1,filfox,2026-03-05
f0120983,HeRong Technology,filfox,2026-03-05
f01211558,Metaverse Energy,filfox,2026-03-05
f01211859,重塑CCC,filfox,2026-03-05
f01212287,WPOOL,filfox,2026-03-05
f0121260,Asia Cloud,filfox,2026-03-05
f01213121,Future Cloud,filfox,2026-03-05
f01213229,zlpool,filfox,2026-03-05
f01213559,fffff,filfox,2026-03-05
f01213742,K-DreamPool2,filfox,2026-03-05
f01214415,FileGlobal 5,filfox,2026-03-05
f01214450,MY FINTECH LAB,filfox,2026-03-05
f0121450,Zhu Feng Cloud,filfox,2026-03-05
f01215328,ZKYK,filfox,2026-03-05
f01215819,FIHU MINE,filfox,2026-03-05
f0121584,Ant Cluster,filfox,2026-03-05
f0121602,RAISE,filfox,2026-03-05
f01216710,EZER 유민희,filfox,2026-03-05
f01217139,CONGQINGLU,filfox,2026-03-05
f01218989,先驱资本_SLGPool,filfox,2026-03-05
f0121958,EZERMINING,filfox,2026-03-05
f01221268,emc박성용,filfox,2026-03-05
f01221675,WonderCAP,filfox,2026-03-05
f0122215,pangukaiyuan,filfox,2026-03-05
f01223505,锦上添花,filfox,2026-03-05
f0122398,EZER이계숙,filfox,2026-03-05
f01224799,Rainbow,filfox,2026-03-05
f0122496,堃基科技,filfox,2026-03-05
f0122533,Firefly-毅阳科技 - 心宿,filfox,2026-03-05
f01225427,filer,filfox,2026-03-05
f01225783,davidyuanFil,filfox,2026-03-05
f01227042,共识算力一号,filfox,2026-03-05
f01227505,IPFSKOREA-K1,filfox,2026-03-05
f01227510,IPFSKOREA-GWANGJU,filfox,2026-03-05
f0122815,Healthcarenavi_17,filfox,2026-03-05
f0123245,lianying,filfox,2026-03-05
f0123261,LDPool,filfox,2026-03-05
f0123275,EZER변희자,filfox,2026-03-05
f0123281,정철상,filfox,2026-03-05
f0123346,ZCGG-SCK,filfox,2026-03-05
f01234,Eliovp,filfox,2026-03-05
f01235,MainPool,filfox,2026-03-05
f0123522,wgcloud,filfox,2026-03-05
f0123535,Yunchu.HashRate.Factory,filfox,2026-03-05
f0123536,三合云,filfox,2026-03-05
f01236627,Zpool,filfox,2026-03-05
f01238,FIL-VIETNAM,filfox,2026-03-05
f01239890,链如云,filfox,2026-03-05
f01240,Dcent,filfox,2026-03-05
f0124036,HHMine,filfox,2026-03-05
f0124158,f0124158,filfox,2026-03-05
f01242770,filefast,filfox,2026-03-05
f01243,Wondertan,filfox,2026-03-05
f01243219,scxayc,filfox,2026-03-05
f01243812,yt,filfox,2026-03-05
f0124554,Fseed IDC,filfox,2026-03-05
f01245980,Keypool,filfox,2026-03-05
f01247,BigChungus™,filrep,2026-03-05
f0124923,国珉矿池,filfox,2026-03-05
f0124944,星越,filfox,2026-03-05
f01251209,suoluomen cunchu,filfox,2026-03-05
f01251528,WhaleFarm-Jiuge,filfox,2026-03-05
f01251721,TVpool,filfox,2026-03-05
f01252627,RUISHENGKEJI,filfox,2026-03-05
f01254435,hjh,filfox,2026-03-05
f0125488,DCC&慧海云,filfox,2026-03-05
f01255207,CTKJ-AHIDC,filfox,2026-03-05
f0125863,EZER 고행남,filfox,2026-03-05
f01259059,FilTagus,filfox,2026-03-05
f01259449,EntySquare 502POOL,filfox,2026-03-05
f01260173,EasyData #4 with Aidapps,filfox,2026-03-05
f0126037,EZER CPCK,filfox,2026-03-05
f0126039,EZER 황춘교,filfox,2026-03-05
f01260819,HTL,filfox,2026-03-05
f01262410,Vulpes zerda M.C.,filfox,2026-03-05
f01264444,TLS,filfox,2026-03-05
f01264518,HUAXIN,filfox,2026-03-05
f0126469,雪中送炭～洛书云算,filfox,2026-03-05
f0126471,_,filfox,2026-03-05
f01265268,THE EXABYTE - KR | Yangsan,filfox,2026-03-05
f0126698,Quantum Cloud Storage,filfox,2026-03-05
f0126702,柒柒矿业,filfox,2026-03-05
f01267086,XT.com,filfox,2026-03-05
f0126824,FileWorld-1,filfox,2026-03-05
f0126898,lianxin,filfox,2026-03-05
f01269025,AL,filfox,2026-03-05
f01269152,YJ,filfox,2026-03-05
f01269367,sxyc,filfox,2026-03-05
f01269788,星海云,filfox,2026-03-05
f01270011,Imperium Cloud-10 Show Time 2,filfox,2026-03-05
f01270096,Imperium Cloud-11 EC GO 2,filfox,2026-03-05
f01271898,shiliu chao suan,filfox,2026-03-05
f0127352,EZER이승득,filfox,2026-03-05
f0127353,EZER배종명,filfox,2026-03-05
f0127354,EZER이영규,filfox,2026-03-05
f01274011,DSS,nova_energy,2026-03-05
f01275,MAXPIAICT,filfox,2026-03-05
f01275219,xin lai le,filfox,2026-03-05
f0127595,Metaverse Infrastructure,filfox,2026-03-05
f01276,NBFS Canada,filrep,2026-03-05
f0127612,RRM- 雅典娜 -asia 17,filfox,2026-03-05
f0127616,RRM-雅典娜-asia 67,filfox,2026-03-05
f0127617,RRM-雅典娜-asia 73,filfox,2026-03-05
f0127627,RRM-雅典娜-asia 39,filfox,2026-03-05
f0127628,RRM-雅典娜-asia 40,filfox,2026-03-05
f0127629,RRM-雅典娜-asia 56,filfox,2026-03-05
f0127640,RRM- 雅典娜 -asia 18,filfox,2026-03-05
f01277,tvsthlm,filrep,2026-03-05
f01278,Stu-PiKNiK,filfox,2026-03-05
f0127896,sofiaminer,filfox,2026-03-05
f01279,链力&胶囊,filrep,2026-03-05
f01279864,IPFSKOREA,filfox,2026-03-05
f01280,Lovan,filfox,2026-03-05
f0128191,Hard Factory,filfox,2026-03-05
f0128499,Ark Union Storage,filfox,2026-03-05
f0128559,Metaverse Infrastructure,filfox,2026-03-05
f0128580,EZER 김선철,filfox,2026-03-05
f0128581,EZER박은정,filfox,2026-03-05
f0128582,EZER강길원,filfox,2026-03-05
f01285985,f,filfox,2026-03-05
f0128815,skhy,filfox,2026-03-05
f0128974,박병헌,filfox,2026-03-05
f0129072,亚数存储—乾,filrep,2026-03-05
f0129226,YiSan Technology &amp; Guangdong Chuangshi,filfox,2026-03-05
f01293938,Jiuxinding,filfox,2026-03-05
f0129403,WEIPool,filfox,2026-03-05
f0129750,BILLPOOL,filfox,2026-03-05
f0129805,129805,filfox,2026-03-05
f0129976,ESPO. D.C.,filfox,2026-03-05
f0130094,xjzs,filfox,2026-03-05
f01302397,HXiCloud,filfox,2026-03-05
f0130556,华粤菲恩,filfox,2026-03-05
f0130686,Firefly-芯存云智-角宿,filfox,2026-03-05
f0130884,12Ships,filrep,2026-03-05
f0130906,manniu,filfox,2026-03-05
f0130961,NexusChain,filfox,2026-03-05
f0131331,链合天下 - Token Star,filfox,2026-03-05
f01314,焕方区块链基金,filfox,2026-03-05
f0131419,链合天下,filfox,2026-03-05
f0131509,Wind,filfox,2026-03-05
f0131611,MAXPIA & Jeju,filfox,2026-03-05
f0131654,EZER김손유,filfox,2026-03-05
f0131767,Phoenix,filfox,2026-03-05
f01318979,July cloud,filfox,2026-03-05
f01320931,xuweizhen,filfox,2026-03-05
f0132178,f0132178,filfox,2026-03-05
f0132461,메가시스템001,filfox,2026-03-05
f01325141,1413,filfox,2026-03-05
f0132638,振易科技,filfox,2026-03-05
f01328084,blubluck_seoul,filfox,2026-03-05
f01330977,Hmining,filfox,2026-03-05
f0133376,中安云池0013,filfox,2026-03-05
f0133379,djcr731119,filfox,2026-03-05
f0133509,NonEntropy Japan,filfox,2026-03-05
f0133689,D&W-飞猪,filfox,2026-03-05
f01337533,SmartCats,filfox,2026-03-05
f0133833,Interstellar-131,filfox,2026-03-05
f0133957,Hotbit-UnionPool,filfox,2026-03-05
f0133999,Star legend,filfox,2026-03-05
f0134006,suanlifeng-nm-1,filfox,2026-03-05
f0134285,丰慧云,filfox,2026-03-05
f0134286,tc,filfox,2026-03-05
f0134552,RRM- 雅典娜 -asia 19,filfox,2026-03-05
f0134565,超越-秦,filfox,2026-03-05
f0134609,Mingde Cloud,filfox,2026-03-05
f0134682,SuanLiFeng2-SW-Nebula,filfox,2026-03-05
f0134778,WuFuXiYuan-SW,filfox,2026-03-05
f0134867,DCPool-Sirius,filfox,2026-03-05
f0134991,19-cloud,filfox,2026-03-05
f0135008,神算矿池-ssss.top,filfox,2026-03-05
f0135066,壹年之后,filfox,2026-03-05
f0135078,Forked One,filfox,2026-03-05
f0135150,SNY-RT7,filfox,2026-03-05
f0135467,RRM- 雅典娜 -asia 20,filfox,2026-03-05
f0135469,RRM- 雅典娜 -asia 21,filfox,2026-03-05
f0135473,RRM- 雅典娜 -asia 22,filfox,2026-03-05
f0135474,RRM- 雅典娜 -asia 23,filfox,2026-03-05
f0135475,RRM- 雅典娜 -asia 24,filfox,2026-03-05
f0135551,f0135551,filfox,2026-03-05
f0135738,闪动云矿,filfox,2026-03-05
f0135758,HYJJ & XTFL,filfox,2026-03-05
f0135779,YK,filfox,2026-03-05
f01359803,Blocklabel 1,filfox,2026-03-05
f0136399,泛圈云矿池,filfox,2026-03-05
f0136668,D&W--硕鼠,filfox,2026-03-05
f0136808,stars pool,filfox,2026-03-05
f0136868,S,filfox,2026-03-05
f0137168,The Sound of Silence,filfox,2026-03-05
f0137594,filecoin,filfox,2026-03-05
f0137868,XuYuanDa,filfox,2026-03-05
f0141614,JiShiyun,filfox,2026-03-05
f0141634,f01081449,filfox,2026-03-05
f01417791,Vdollar Exchange LTD,filfox,2026-03-05
f0142059,ShenzhenBay,filfox,2026-03-05
f014207,BigMichael,filfox,2026-03-05
f0142135,MT.YCSJ,filfox,2026-03-05
f0142238,《链储科技》星科云储001,filfox,2026-03-05
f0142281,Galalink&极客云创2号矿池,filfox,2026-03-05
f014233,hellofil,filrep,2026-03-05
f0142337,昆仑云,filfox,2026-03-05
f014241,Reiers,filfox,2026-03-05
f014251,TOPLOONG-田雨,filrep,2026-03-05
f01425109,Star cloud lang,filfox,2026-03-05
f0142515,KDD-6#,filfox,2026-03-05
f0142720,RRM- 雅典娜 -asia 25,filfox,2026-03-05
f0142721,asia30,filfox,2026-03-05
f0142723,RRM,filfox,2026-03-05
f014311,蜂巢云矿池,filrep,2026-03-05
f0143110,QM,filfox,2026-03-05
f0143160,国岳科技,filfox,2026-03-05
f0143162,HC&filecoin.plus,filfox,2026-03-05
f014327,bluematrix,filrep,2026-03-05
f0143361,kjs-Jing,filfox,2026-03-05
f0143500,数字方舟-西湖号,filfox,2026-03-05
f014365,🥭,filfox,2026-03-05
f0143666,f0666,filfox,2026-03-05
f014386,1475,filrep,2026-03-05
f0143907,Dong666,filfox,2026-03-05
f0143928,鸣龙矿池,filfox,2026-03-05
f014394,IPFSCloud,filfox,2026-03-05
f014395,Filmining-China,filfox,2026-03-05
f0143999,Hash Supercomputing,filfox,2026-03-05
f0144069,富盛矿池,filfox,2026-03-05
f014409,Meatball Part III,filrep,2026-03-05
f0144194,starpool,filrep,2026-03-05
f0144304,Comminer Inter,filfox,2026-03-05
f0144313,RRM-雅典娜-asia 41,filfox,2026-03-05
f0144314,RRM-雅典娜-asia 42,filfox,2026-03-05
f0144316,RRM-雅典娜-asia 32,filfox,2026-03-05
f0144528,Firefly-巽,filfox,2026-03-05
f0144530,中科金信,filfox,2026-03-05
f0144618,链储科技,filfox,2026-03-05
f0144724,layer0,filfox,2026-03-05
f014487,hi-t014487,filrep,2026-03-05
f0144952,SXX,nova_energy,2026-03-05
f0145060,DCPool-Arcturus,filfox,2026-03-05
f0145162,Leesin,filfox,2026-03-05
f0145249,XJ Litchi,filfox,2026-03-05
f0145385,miningpuppets,filfox,2026-03-05
f0145503,XCOM.FINANCE,filfox,2026-03-05
f0145784,EZER 김은정,filfox,2026-03-05
f0145874,Nebula Block,filfox,2026-03-05
f0145986,xingchen,filfox,2026-03-05
f0146165,XiYan-S19,filfox,2026-03-05
f01461671,Hadasoft,nova_energy,2026-03-05
f01461725,Hadasoft,nova_energy,2026-03-05
f0146224,honeycomb cloud,filfox,2026-03-05
f014632,FILmiPool-CA,filfox,2026-03-05
f0146393,",.",filfox,2026-03-05
f014644,http://bit.ly/2ZVWwVq,filfox,2026-03-05
f0146751,时代海创2,filfox,2026-03-05
f014683,星禾FMIDC-SEVEN,filfox,2026-03-05
f014686,DCPool-Mars,filfox,2026-03-05
f0146956,youpukeji-cloud,filfox,2026-03-05
f014699,DCPool-Neptune,filfox,2026-03-05
f014706,蜂巢云矿池,filrep,2026-03-05
f0147119,zkyc002,filfox,2026-03-05
f0147214,Hupool,filfox,2026-03-05
f0147284,FileWorld-2,filfox,2026-03-05
f014745,NL-天魁星,filfox,2026-03-05
f01474838,JXD01,filfox,2026-03-05
f01475,1475,filrep,2026-03-05
f0147657,凤凰云矿,filfox,2026-03-05
f014768,Funktafide,filrep,2026-03-05
f014778,蜂巢云矿池,filrep,2026-03-05
f0147801,ETMYJ,filfox,2026-03-05
f01478558,Greaterheat,nova_energy,2026-03-05
f014804,蜂巢云矿池,filrep,2026-03-05
f0148143,QM&ZELIN,filfox,2026-03-05
f0148151,taeseok tech holdings,filfox,2026-03-05
f0148452,节点猫科技,filfox,2026-03-05
f0148494,KQYC,filrep,2026-03-05
f0148627,filecoin.plus,filfox,2026-03-05
f0149444,REDFOX,filfox,2026-03-05
f0149455,先邦科技,filfox,2026-03-05
f0149765,SuanLiFeng3-SW-Nebula,filfox,2026-03-05
f0149768,星河鲸鱼-Galaxy Whale,filfox,2026-03-05
f0149937,ode-琮元数腾3,filfox,2026-03-05
f0150666,BAF—POOL,filfox,2026-03-05
f0150860,Atlantec,filfox,2026-03-05
f0150918,Chain storage big data & Hunan interstellar storage,filfox,2026-03-05
f0151498,智天科技,filfox,2026-03-05
f0151629,이현주,filfox,2026-03-05
f0151692,大陆超算3号,filfox,2026-03-05
f0151706,浙江金储科技-α,filfox,2026-03-05
f0151993,Bcommerce,filfox,2026-03-05
f0152134,星云存储,filfox,2026-03-05
f0152224,DataStore,filfox,2026-03-05
f015233,HX,filfox,2026-03-05
f0152563,菲尔比fileb.cn,filfox,2026-03-05
f0152712,EZER송진숙,filfox,2026-03-05
f0152799,iPollo&第九城市NBTC,filfox,2026-03-05
f0152854,KDD-7#,filfox,2026-03-05
f0152866,DH INTERNATIONAL SUPER HASHRATE,filfox,2026-03-05
f0153024,RRM- 雅典娜 -asia 28,filfox,2026-03-05
f0153040,六星云际,filfox,2026-03-05
f0153078,fil top pool,filfox,2026-03-05
f0153176,储能.荣耀,filfox,2026-03-05
f0153188,Round Digital,filfox,2026-03-05
f0153565,mypool-龙门IDC,filfox,2026-03-05
f0153775,crystal,filfox,2026-03-05
f0153804,NO2,filfox,2026-03-05
f0153930,RRM-雅典娜-asia 29,filfox,2026-03-05
f0153932,RRM- 雅典娜 -asia 27,filfox,2026-03-05
f0153960,华商&红岸,filfox,2026-03-05
f0153986,KM,filfox,2026-03-05
f0154152,鸿图科技,filfox,2026-03-05
f0154238,·,filfox,2026-03-05
f0154294,Maker ST,filfox,2026-03-05
f01545009,K2 System,filfox,2026-03-05
f0154597,ode-山东链存科技,filfox,2026-03-05
f0154757,KSCC,filfox,2026-03-05
f0154988,null,filfox,2026-03-05
f0155004,EZER이효경,filfox,2026-03-05
f0155049,Origin Pool-Alliance,filfox,2026-03-05
f0155050,12Ships,filrep,2026-03-05
f0155132,Keypool,filfox,2026-03-05
f0155384,FileWorld-3,filfox,2026-03-05
f0155467,Cloud9,filfox,2026-03-05
f0155829,Excalibur,filfox,2026-03-05
f0155983,IPFS infinite JAPAN 1,filfox,2026-03-05
f0156214,honeycomb cloud,filfox,2026-03-05
f0156264,EZER 강동훈,filfox,2026-03-05
f015685,test2,filfox,2026-03-05
f015726,耘存矿池,filfox,2026-03-05
f015731,蜂巢云矿池,filrep,2026-03-05
f0157429,SpaceDream_Phoenix2,filfox,2026-03-05
f015747,MEIKIT,filrep,2026-03-05
f0157502,jindoucloud,filfox,2026-03-05
f0157513,HCN_10,filfox,2026-03-05
f015767,CCPool,filfox,2026-03-05
f0157769,filecoin.plus,filrep,2026-03-05
f0157941,HLKJ2,filfox,2026-03-05
f0158068,Filecoin 1000U,filfox,2026-03-05
f0158133,文存-金gold,filfox,2026-03-05
f0158142,斑羚数据,filrep,2026-03-05
f0158156,AI_DAPPS with EasyData,filfox,2026-03-05
f0158265,cs&zy,filfox,2026-03-05
f015848,蜂巢云矿池,filrep,2026-03-05
f015860,Wondertan,filfox,2026-03-05
f015861,Wondertan,filfox,2026-03-05
f015862,Wondertan,filfox,2026-03-05
f0158666,davin,filfox,2026-03-05
f015877,Galaxy Huaxun,filrep,2026-03-05
f015897,DXData飞象联盟-IPFSDataCN,filrep,2026-03-05
f015919,蜂巢云矿,filrep,2026-03-05
f015922,蜂巢云矿,filrep,2026-03-05
f015925,蜂巢云矿,filrep,2026-03-05
f015926,蜂巢云矿,filrep,2026-03-05
f015927,CDImine,filfox,2026-03-05
f015932,Keypool,filrep,2026-03-05
f0159333,yunduoduo,filfox,2026-03-05
f0159380,kairuicloud,filfox,2026-03-05
f015941,onegin,filrep,2026-03-05
f0159449,My FIL-西南联盟,filfox,2026-03-05
f0159632,suanlifeng-nm-2,filfox,2026-03-05
f0159649,lianchun-qilinsuanli,filfox,2026-03-05
f0159689,中科云储003《中科云惠》,filfox,2026-03-05
f0159883,IPFS Cloud POC-Ⅱ,filfox,2026-03-05
f0159961,RenChongZhongXingJiYun,filfox,2026-03-05
f0160137,Guan Chen Science and Technology,filfox,2026-03-05
f0160819,mypool-龙门IDC,filfox,2026-03-05
f01608291,DCENT,nova_energy,2026-03-05
f01612200,dlrpanjsi,filfox,2026-03-05
f0161468,BF,filfox,2026-03-05
f0161542,BBC云池,filfox,2026-03-05
f0161819,Firefly-WHG,filfox,2026-03-05
f0161916,陈志轶,filfox,2026-03-05
f01620831,MAXIUS-AIDAN,filfox,2026-03-05
f0162183,链通云储诚全智造矿世界DBANK,filfox,2026-03-05
f0162385,WitCloud-CH,filfox,2026-03-05
f0162394,Power Union,filfox,2026-03-05
f016297,Anyidate,filfox,2026-03-05
f0164126,EZER 김영애,filfox,2026-03-05
f0164210,雪中送炭～洛书云算,filfox,2026-03-05
f016511,upyuns,filfox,2026-03-05
f0165111,ZPOOL,filfox,2026-03-05
f0165135,NFY,filfox,2026-03-05
f016563,腾盛科技tj,filrep,2026-03-05
f0165643,VALLEY BASKET-13560491368,filfox,2026-03-05
f01657051,Hadasoft,nova_energy,2026-03-05
f0166425,hantangcloud,filfox,2026-03-05
f0166843,Datamarket for Filecoin,filfox,2026-03-05
f0167137,HuasFarm,filfox,2026-03-05
f01679630,Eum JongMoon,filfox,2026-03-05
f0168537,zhongchuangyunzhi1hao,filfox,2026-03-05
f01688066,Greaterheat,nova_energy,2026-03-05
f0169053,greatest storage,filfox,2026-03-05
f0169097,Frog Pool,filfox,2026-03-05
f0169137,dalin,filfox,2026-03-05
f01695888,Zeta Cube,nova_energy,2026-03-05
f01699939,easy,filfox,2026-03-05
f01712165,wexmaster,filfox,2026-03-05
f017193,ZLSQ,filfox,2026-03-05
f01720359,DCENT,nova_energy,2026-03-05
f017229,朝日$巨力时代,filrep,2026-03-05
f017242,神算矿池-ssss.top,filfox,2026-03-05
f01741924,SXX,nova_energy,2026-03-05
f01746964,DSS,nova_energy,2026-03-05
f01747176,peizong,filfox,2026-03-05
f01752486,SXX,nova_energy,2026-03-05
f01753006,SXX,nova_energy,2026-03-05
f01755793,PikNik,nova_energy,2026-03-05
f01756173,PikNik,nova_energy,2026-03-05
f01757697,Hadasoft,nova_energy,2026-03-05
f01760317,PikNik,nova_energy,2026-03-05
f017665,NL,filfox,2026-03-05
f01771403,DCENT,nova_energy,2026-03-05
f01771695,SXX,nova_energy,2026-03-05
f01774327,LeonSavior,filfox,2026-03-05
f01782338,SXX,nova_energy,2026-03-05
f01784930,Greaterheat,nova_energy,2026-03-05
f01786387,DCENT,nova_energy,2026-03-05
f01799,WeiFengTaiKe,filfox,2026-03-05
f01800,YPOOL,filfox,2026-03-05
f01801587,SXX,nova_energy,2026-03-05
f01809873,WexMaster,filfox,2026-03-05
f01813052,Greaterheat,nova_energy,2026-03-05
f01822335,SXX,nova_energy,2026-03-05
f01823110,Test,nova_energy,2026-03-05
f01830824,FMDAM-NEW,filrep,2026-03-05
f018311,HuaGuoShan,filfox,2026-03-05
f01833311,PikNik,nova_energy,2026-03-05
f01833348,DSS,nova_energy,2026-03-05
f01835354,Minekorea_01,filfox,2026-03-05
f018393,mikehash2,filfox,2026-03-05
f018425,BitPunisher,filfox,2026-03-05
f018501,QuantunGW,filfox,2026-03-05
f01851060,PikNik,nova_energy,2026-03-05
f01851683,PikNik,nova_energy,2026-03-05
f01852564,PikNik,nova_energy,2026-03-05
f018538,XCKJ,filrep,2026-03-05
f018544,lns-tv,filfox,2026-03-05
f01862225,PikNik,nova_energy,2026-03-05
f01862229,PikNik,nova_energy,2026-03-05
f01862232,PikNik,nova_energy,2026-03-05
f01864434,DSS,nova_energy,2026-03-05
f01868116,PikNik,nova_energy,2026-03-05
f01872883,PikNik,nova_energy,2026-03-05
f01873364,PikNik,nova_energy,2026-03-05
f01877571,Greaterheat,nova_energy,2026-03-05
f018780,Zillion5,filrep,2026-03-05
f01878005,Greaterheat,nova_energy,2026-03-05
f018781,Zillion3,filrep,2026-03-05
f018782,Zillion,filrep,2026-03-05
f018783,Zillion6,filrep,2026-03-05
f018784,Zillion1,filrep,2026-03-05
f018785,Zillion4,filrep,2026-03-05
f01880047,Greaterheat,nova_energy,2026-03-05
f018803,JungSoo An,filfox,2026-03-05
f01880776,PikNik,nova_energy,2026-03-05
f01882177,Greaterheat,nova_energy,2026-03-05
f01882184,Greaterheat,nova_energy,2026-03-05
f01890497,PikNik,nova_energy,2026-03-05
f019002,Treasure,filfox,2026-03-05
f01900409,PikNik,nova_energy,2026-03-05
f019022,ShuiLianDong,filfox,2026-03-05
f019029,Nesa,filfox,2026-03-05
f019041,DataXII,filfox,2026-03-05
f01904630,Lucky Strike,nova_energy,2026-03-05
f01905085,PikNik,nova_energy,2026-03-05
f019074,TianChi,filfox,2026-03-05
f01907556,Pride Group,filfox,2026-03-05
f019100,noisyfan,filrep,2026-03-05
f019104,NorthStar,filfox,2026-03-05
f01912098,PikNik,nova_energy,2026-03-05
f01912516,PikNik,nova_energy,2026-03-05
f019133,planB,filfox,2026-03-05
f01916574,PikNik,nova_energy,2026-03-05
f01919423,DSS,nova_energy,2026-03-05
f01919535,SXX,nova_energy,2026-03-05
f019196,18ipfscom,filfox,2026-03-05
f019279,Pd2,filrep,2026-03-05
f019362,青青子衿,filrep,2026-03-05
f01937642,DCENT,nova_energy,2026-03-05
f01938223,Nebula Block,filrep,2026-03-05
f01938357,DSS,nova_energy,2026-03-05
f019399,UTECH GLOBAL,filfox,2026-03-05
f01941622,firstfisjakfjkajssafew,filfox,2026-03-05
f019422,1024IPFS,filfox,2026-03-05
f01942239,Test,nova_energy,2026-03-05
f01942480,VOT Group,filfox,2026-03-05
f01943041,Distora,filfox,2026-03-05
f019437,TVCC BLOCK DATA BANK,filfox,2026-03-05
f01943743,PikNik,nova_energy,2026-03-05
f01945089,PikNik,nova_energy,2026-03-05
f019459,t019459,filfox,2026-03-05
f01946551,Coyote Hills,filfox,2026-03-05
f01947845,Hadasoft,nova_energy,2026-03-05
f019551,Neonix-GB1,filfox,2026-03-05
f01958975,lotus.miner1.mystic.eu.com,filfox,2026-03-05
f019596,Nelson,filfox,2026-03-05
f01959735,MongoStorage,nova_energy,2026-03-05
f01959805,SXX,nova_energy,2026-03-05
f01964215,SXX,nova_energy,2026-03-05
f01964253,SXX,nova_energy,2026-03-05
f01969306,Acrontech,filfox,2026-03-05
f01969933,DSS,nova_energy,2026-03-05
f01971600,Greaterheat,nova_energy,2026-03-05
f019806,r,filfox,2026-03-05
f01981603,SXX,nova_energy,2026-03-05
f01985745,Greaterheat,nova_energy,2026-03-05
f01985775,Greaterheat,nova_energy,2026-03-05
f01986229,SXX,nova_energy,2026-03-05
f01986262,SXX,nova_energy,2026-03-05
f01988794,Greaterheat,nova_energy,2026-03-05
f01992630,Greaterheat,nova_energy,2026-03-05
f01996825,Greaterheat,nova_energy,2026-03-05
f02002141,Greaterheat,nova_energy,2026-03-05
f02005421,Greaterheat,nova_energy,2026-03-05
f02009630,Greaterheat,nova_energy,2026-03-05
f02023473,Greaterheat,nova_energy,2026-03-05
f02029592,Greaterheat,nova_energy,2026-03-05
f020330,_,filfox,2026-03-05
f02033496,DCENT,nova_energy,2026-03-05
f020369,Miner-Tiger,filfox,2026-03-05
f020385,MINECODER,filfox,2026-03-05
f020522,IMPOOL,filfox,2026-03-05
f020523,changjiang,filfox,2026-03-05
f020541,黑犇科技-北斗七星,filfox,2026-03-05
f02057985,hjxc,filfox,2026-03-05
f020605,f020605,filfox,2026-03-05
f020608,Mebio,filfox,2026-03-05
f020742,Ripa-Korea,filfox,2026-03-05
f0207949,贵州星际云轩,filfox,2026-03-05
f02082586,xianji.io,filfox,2026-03-05
f02085652,Holon,nova_energy,2026-03-05
f020904,WonderTop,filfox,2026-03-05
f020928,RRM- 雅典娜 -asia 03,filfox,2026-03-05
f02095132,DCENT,nova_energy,2026-03-05
f02096856,Holon,nova_energy,2026-03-05
f02096885,Holon,nova_energy,2026-03-05
f02101223,Holon,nova_energy,2026-03-05
f02101252,Holon,nova_energy,2026-03-05
f02101378,Holon,nova_energy,2026-03-05
f02101384,Holon,nova_energy,2026-03-05
f02101407,Holon,nova_energy,2026-03-05
f021075,StariverPool,filfox,2026-03-05
f021316,test_0921,filfox,2026-03-05
f021339,budaoweng,filfox,2026-03-05
f021428,TechHedge,filfox,2026-03-05
f0214334,JUNEPYDER-02,filfox,2026-03-05
f0214631,EZER나한금,filfox,2026-03-05
f021525,KJS,filfox,2026-03-05
f021532,九州矿业 Decentral Tech,filfox,2026-03-05
f021536,__,filfox,2026-03-05
f0215704,Serverkorea1,filfox,2026-03-05
f021583,crab,filfox,2026-03-05
f0216138,Filcrypto,filfox,2026-03-05
f0216822,顿氏云数据,filfox,2026-03-05
f0216849,SSDMiner-Nü Wa,filfox,2026-03-05
f0216922,人为峰(filb.cc),filfox,2026-03-05
f021710,lp,filfox,2026-03-05
f021716,info.farm,filfox,2026-03-05
f0217771,太阳系-金星,filfox,2026-03-05
f0217789,香港龙门矿业001,filfox,2026-03-05
f0217805,eyeball Fintech,filfox,2026-03-05
f0218293,FILEX-1,filfox,2026-03-05
f0218559,liancun-qingdao,filfox,2026-03-05
f0219106,Latin,filfox,2026-03-05
f0220156,VZZH,filfox,2026-03-05
f022030,honeycomb,filfox,2026-03-05
f0220911,filling,filfox,2026-03-05
f022111,22111,filfox,2026-03-05
f022130,giganet,filfox,2026-03-05
f022142,Nelson,filfox,2026-03-05
f022227,XJY&YH,filfox,2026-03-05
f0222611,SFIL&Hashcow,filfox,2026-03-05
f0222674,HMpool - 3,filfox,2026-03-05
f0222811,MF,filfox,2026-03-05
f0222962,yihao存储,filfox,2026-03-05
f022309,PSH-Chuncheon,filfox,2026-03-05
f0223102,RRM-雅典娜-asia 44,filfox,2026-03-05
f0223103,RRM-雅典娜-asia 36,filfox,2026-03-05
f0223106,S,filfox,2026-03-05
f0223316,StarlightCloud,filfox,2026-03-05
f022336,honeycomb,filfox,2026-03-05
f022338,honeycomb cloud,filfox,2026-03-05
f022352,TechHedge,filfox,2026-03-05
f022373,MainPool,filfox,2026-03-05
f022374,MainPool,filfox,2026-03-05
f0223933,DSS,nova_energy,2026-03-05
f022399,JT-Tony,filfox,2026-03-05
f0224984,feieryun,filfox,2026-03-05
f022512,FILMiPool-CA01,filfox,2026-03-05
f022522,KJS,filfox,2026-03-05
f022566,UniStar,filfox,2026-03-05
f0226303,NUTPOOL,filfox,2026-03-05
f0227472,贝格迈能,filfox,2026-03-05
f022804,XJGL&ZYPOOL,filfox,2026-03-05
f0228232,仙芝云,filfox,2026-03-05
f022853,水滴云&磐石云&三朵云,filfox,2026-03-05
f0228712,字节云,filfox,2026-03-05
f0228855,SpaceDream_Eagle,filfox,2026-03-05
f0229199,泰林,filfox,2026-03-05
f022922,CAAP-MEG,filfox,2026-03-05
f0229437,StarShip-3,filfox,2026-03-05
f022976,ezer mining,filfox,2026-03-05
f02299,yolo,filfox,2026-03-05
f023009,https://bit.ly/3lnUg1d,filfox,2026-03-05
f02301,topblocks,filrep,2026-03-05
f0230200,G-mining,filfox,2026-03-05
f02304,chainpion,filfox,2026-03-05
f0231112,Ai-Tech,filfox,2026-03-05
f0231161,ynyp,filfox,2026-03-05
f0231481,星际云轩,filfox,2026-03-05
f023152,IPFS Cloud POC,filfox,2026-03-05
f0231782,穿山甲,filfox,2026-03-05
f023198,ZLSQ,filfox,2026-03-05
f023200,RKO,filfox,2026-03-05
f0232650,Yunchu.HashRate.Factory.Pioneer,filfox,2026-03-05
f023467,PhiMining.io,filfox,2026-03-05
f02361120,biteworld41,filfox,2026-03-05
f023626,MainPool,filfox,2026-03-05
f023627,MainPool,filfox,2026-03-05
f023649,LS&NIHON,filfox,2026-03-05
f02366527,DCENT,nova_energy,2026-03-05
f02381,西野七濑迷叔,filrep,2026-03-05
f023825,星呈云际,filrep,2026-03-05
f023843,FILOAN,filfox,2026-03-05
f02387,W3BCloud,filfox,2026-03-05
f02388,Kroketje,filrep,2026-03-05
f023882,星储云-bahash,filfox,2026-03-05
f0238968,f0238968,filfox,2026-03-05
f0239251,MAXIUS-Aidan-TestNode,filfox,2026-03-05
f0239256,RH-D,filfox,2026-03-05
f0239266,RH,filfox,2026-03-05
f0239678,盈嘉网络,filfox,2026-03-05
f0239688,链合天下 - Token Star,filfox,2026-03-05
f023971,FLMiner,filfox,2026-03-05
f02398,时空云&灵动,filfox,2026-03-05
f02399,Feather,filfox,2026-03-05
f02401,Nebula Block,filfox,2026-03-05
f024015,FILmiPool-JP01,filrep,2026-03-05
f024016,V字矿池,filfox,2026-03-05
f024025,qaq,filfox,2026-03-05
f02403,AIM,filrep,2026-03-05
f0240392,HONGHUI,filfox,2026-03-05
f02404,TVCC & BLOCK DATA BANK,filfox,2026-03-05
f02405,DXData-DaXiangShuJu,filfox,2026-03-05
f024066,Digital Nodes,filfox,2026-03-05
f0241022,MINECODER,filfox,2026-03-05
f0241285,SnowLake,filfox,2026-03-05
f024150,planB,filfox,2026-03-05
f0241536,StarGate-1,filfox,2026-03-05
f024156,IPFSNETS,filfox,2026-03-05
f02416,星际无限,filfox,2026-03-05
f02417,2417,filfox,2026-03-05
f0241764,Bitmory.com,filfox,2026-03-05
f024182,tideisunfilecoin,filfox,2026-03-05
f024184,we4u-GREEN,filfox,2026-03-05
f0241858,zT,filfox,2026-03-05
f02419,2419,filfox,2026-03-05
f02420,Firefly,filfox,2026-03-05
f02421,腾盛科技,filrep,2026-03-05
f0242156,xingjiyunku,filfox,2026-03-05
f02422,云韬星链,filfox,2026-03-05
f02423,igowreck,filrep,2026-03-05
f0242345,OverPower ServerWorks HK,filfox,2026-03-05
f02425,IPFS-Origin,filrep,2026-03-05
f02438,Programmer,filfox,2026-03-05
f024468,IPSB,filfox,2026-03-05
f024483,_,filfox,2026-03-05
f024563,ButterflyChain,filfox,2026-03-05
f02490,天悦DDC,filfox,2026-03-05
f02492,终极大陆 future bank,filfox,2026-03-05
f024944,INSYSTEM & ALINK,filfox,2026-03-05
f024972,BCM,filfox,2026-03-05
f02500,MAXPIAICT,filfox,2026-03-05
f025005,datastone&sagittarius,filfox,2026-03-05
f025007,PINBYTES-eCUBE,filfox,2026-03-05
f025017,一三科技-913,filfox,2026-03-05
f02503,HMpool - 1,filfox,2026-03-05
f02520,ARS,filfox,2026-03-05
f02528,xingjiyunku,filfox,2026-03-05
f02532,tian yu,filfox,2026-03-05
f02540,Foundry,filrep,2026-03-05
f02576,BenjaminH,filfox,2026-03-05
f02606,DataX,filfox,2026-03-05
f02609,KMM01,filfox,2026-03-05
f02610,IPFS-Area,filrep,2026-03-05
f02614,RRM- 雅典娜 -asia 01,filfox,2026-03-05
f02619,Blockcasting,filfox,2026-03-05
f02620,Magik,filrep,2026-03-05
f02621,fenghuolun,filfox,2026-03-05
f02625,IPFS星际工厂,filrep,2026-03-05
f02626,EVERESAST,filfox,2026-03-05
f02654,FIL TECH,filfox,2026-03-05
f02664,ciger,filfox,2026-03-05
f02721,IPFS-6angles,filrep,2026-03-05
f02723,星禾FMIDC-ONE,filfox,2026-03-05
f02725,星禾FMIDC-FIVE,filfox,2026-03-05
f02726,IPFS-NorthArea,filrep,2026-03-05
f02731,MS Miner,filfox,2026-03-05
f02767,Metaverse Infrastructure,filfox,2026-03-05
f02769,FILPool-Ⅱ,filfox,2026-03-05
f02770,Metaverse Infrastructure,filfox,2026-03-05
f02775,Metaverse Infrastructure,filfox,2026-03-05
f02777,filecoin,filfox,2026-03-05
f02778,filecoin,filfox,2026-03-05
f02779,彩云矿池,filfox,2026-03-05
f02822,_,filfox,2026-03-05
f02834511,Molecular Group,filfox,2026-03-05
f02838,星际港湾-α,filfox,2026-03-05
f02856,星际港湾-β,filfox,2026-03-05
f02860778,IPFSKOREA-K1,filfox,2026-03-05
f02860783,IPFSKOREA-K2,filfox,2026-03-05
f029344,MAXPIAICT,filfox,2026-03-05
f029401,BCM-T1,filfox,2026-03-05
f029412,长沙星际原社区,filfox,2026-03-05
f029524,feiyuipfs360,filfox,2026-03-05
f029580,ZKJJ,filfox,2026-03-05
f029585,DCPool-Saturn,filfox,2026-03-05
f03000,星际港湾-δ,filfox,2026-03-05
f030144,EZER MINING,filfox,2026-03-05
f03021,YT.LKJ,filfox,2026-03-05
f030347,ParticleVision,filfox,2026-03-05
f030355,Teleminer,filfox,2026-03-05
f030379,we4u-BLUE,filfox,2026-03-05
f030509,ZYPOOL,filfox,2026-03-05
f030510,ZYPOOL,filfox,2026-03-05
f030511,ZYPOOL,filfox,2026-03-05
f03131,TianHe InterPlanetary-1,filfox,2026-03-05
f03134,QiaoMu,filfox,2026-03-05
f03143,renpeng,filfox,2026-03-05
f03176,Five Star-Helmsman&Heiben,filrep,2026-03-05
f03223,telos,filrep,2026-03-05
f03224,oboltusov,filrep,2026-03-05
f03266,3266,filfox,2026-03-05
f03287,IPFS-Power,filrep,2026-03-05
f032888,爱冠－星云社区,filfox,2026-03-05
f033025,마인코드 데이터팜,filfox,2026-03-05
f033123,BCM-T3,filfox,2026-03-05
f033130,HKiCloud,filfox,2026-03-05
f03325,ViIn,filrep,2026-03-05
f03328,ADY.YZ,filfox,2026-03-05
f033356,we4u-YELLOW,filfox,2026-03-05
f03339,benxun,filfox,2026-03-05
f03340,IPFSWIT,filfox,2026-03-05
f03344,3344,filfox,2026-03-05
f03345,chh,filrep,2026-03-05
f033462,Greaterheat,nova_energy,2026-03-05
f033463,XTFL&HYJJ,filfox,2026-03-05
f03347,深维麦纳,filrep,2026-03-05
f033475,renpeng,filfox,2026-03-05
f03350,mc,filfox,2026-03-05
f033517,SNY-JN,filfox,2026-03-05
f03358,矿霸霸,filfox,2026-03-05
f03362,RRM- 雅典娜 -eu 01,filfox,2026-03-05
f03363,KJ Planet - NM,filrep,2026-03-05
f03364,XCOM.FINANCE,filfox,2026-03-05
f03366,Butterfly Chain,filfox,2026-03-05
f03367,IPFS-WildOX,filrep,2026-03-05
f034350,Langman Galaxy,filfox,2026-03-05
f034566,www.zettachain.cn,filfox,2026-03-05
f034581,wuwang,filfox,2026-03-05
f034710,神算矿池-ssss.top,filfox,2026-03-05
f03482,Lovan SuperPower,filfox,2026-03-05
f03488,we4u,filfox,2026-03-05
f03515,GAIA,filfox,2026-03-05
f03517,BCM,filfox,2026-03-05
f03523,YC-wuxi,filfox,2026-03-05
f03523733,datawithart,filfox,2026-03-05
f035364,HashCow,filfox,2026-03-05
f03544,Trilateral-Tech,filfox,2026-03-05
f03624,ode,filfox,2026-03-05
f0364982,EZER박성희,filfox,2026-03-05
f0364983,EZER신영자,filfox,2026-03-05
f0364987,EZER남성자,filfox,2026-03-05
f03678816,BlockX Labs LLC,filfox,2026-03-05
f03706409,한국문화유산디지털보존협회,filfox,2026-03-05
f0391212,Aou奥云-亮,filfox,2026-03-05
f0391214,IPFS,filfox,2026-03-05
f0391439,YiSan-NEO node,filfox,2026-03-05
f0392430,HKiCloud3,filfox,2026-03-05
f0392488,Chuang Fu Kuang Chi 2,filfox,2026-03-05
f0392734,Maxpia & KSS,filfox,2026-03-05
f0392785,开元,filfox,2026-03-05
f0392799,文存-木wood,filfox,2026-03-05
f0392924,datastone&Scorpio,filfox,2026-03-05
f0392980,驱动蔚来&JPOOL,filfox,2026-03-05
f0392992,曜星科技二号存储,filfox,2026-03-05
f0393016,cmd,filfox,2026-03-05
f0394461,EZER유승희,filfox,2026-03-05
f039515,valarhash,filfox,2026-03-05
f0395459,메가시스템005,filfox,2026-03-05
f0395461,메가시스템004,filfox,2026-03-05
f0395462,메가시스템002,filfox,2026-03-05
f0395463,Edward Woo,filfox,2026-03-05
f0395472,메가시스템006,filfox,2026-03-05
f0395473,메가시스템003,filfox,2026-03-05
f0395680,易云科技,filfox,2026-03-05
f0395911,FileGlobal 1,filfox,2026-03-05
f0395994,Tenet,filfox,2026-03-05
f0396149,WikiPool,filfox,2026-03-05
f0396217,DataXI,filfox,2026-03-05
f0396352,Filovo,filfox,2026-03-05
f0396422,矿霸霸,filfox,2026-03-05
f0396452,BAHASH归谷云-凌度云,filfox,2026-03-05
f0396720,嘉联云储,filfox,2026-03-05
f0396844,FileGloba 2,filfox,2026-03-05
f0396846,超算云储,filfox,2026-03-05
f0397052,RL001,filfox,2026-03-05
f0397332,9Nebula,filfox,2026-03-05
f0397428,pcwing01,filfox,2026-03-05
f0397794,芯云科技,filfox,2026-03-05
f0397837,Star Ant,filfox,2026-03-05
f0397855,超哥007,filfox,2026-03-05
f039800,CD-oursoft,filfox,2026-03-05
f0398326,Storage Alliance,filfox,2026-03-05
f0398863,EZER이창원,filfox,2026-03-05
f0398865,EZER영애,filfox,2026-03-05
f0398999,SDKJ,filfox,2026-03-05
f0399083,UJOONET,filfox,2026-03-05
f0399319,BitMining-贝远财商,filfox,2026-03-05
f0399343,RRM-Flywheel-Au02,filfox,2026-03-05
f0399346,曙链云,filfox,2026-03-05
f0399348,云叁-雅典娜,filfox,2026-03-05
f0399743,Ren Ming Kuang Ji,filfox,2026-03-05
f0399765,金海云,filfox,2026-03-05
f0399814,时代海创3,filfox,2026-03-05
f039992,RRM- 雅典娜 -asia 04,filfox,2026-03-05
f0400264,bigger,filfox,2026-03-05
f0400307,DivineLand-BingZhou,filfox,2026-03-05
f0400681,skynica,filfox,2026-03-05
f0401254,WonderFil,filfox,2026-03-05
f0401348,filconnect,filfox,2026-03-05
f0401677,sunqi-shenzheng-1,filfox,2026-03-05
f040218,Can Magic,filfox,2026-03-05
f0402314,三个火枪手和他的小伙伴,filfox,2026-03-05
f0402431,CCDS,filfox,2026-03-05
f0402492,TaiwanOne,filfox,2026-03-05
f0402661,12Ships,filrep,2026-03-05
f0402822,Firefly-震,filfox,2026-03-05
f0403050,Petanque League,filfox,2026-03-05
f0403177,fillarva,filfox,2026-03-05
f0403858,Marginal storage,filfox,2026-03-05
f0403896,wiistore,filfox,2026-03-05
f0406322,Forked One,filfox,2026-03-05
f0406475,kjs-gui,filfox,2026-03-05
f0406478,LZX,filfox,2026-03-05
f040665,Origin Pool-Alliance,filfox,2026-03-05
f0406703,Forked One,filfox,2026-03-05
f0407244,Happy Kirin,filfox,2026-03-05
f0407287,Hashcow,filfox,2026-03-05
f0407410,A,filfox,2026-03-05
f0407733,UnionPool-XJYC,filfox,2026-03-05
f0408205,盈通世纪,filfox,2026-03-05
f0408206,8848&66,filfox,2026-03-05
f0408208,链牛科技,filfox,2026-03-05
f0408582,DMEX,filfox,2026-03-05
f0408629,尖谷云,filfox,2026-03-05
f0408688,华链云,filfox,2026-03-05
f0408696,WitCloud-TW 智力云,filfox,2026-03-05
f0408717,TripleJ,filfox,2026-03-05
f0408833,千度存储-金,filfox,2026-03-05
f0409172,极客云,filfox,2026-03-05
f0409356,MAXPIA L&K,filfox,2026-03-05
f0409600,1024IPFS,filfox,2026-03-05
f0409765,狂野大陆,filfox,2026-03-05
f0410001,JXHT-Partner,filfox,2026-03-05
f0410120,ktx,filfox,2026-03-05
f0410431,xjlm,filfox,2026-03-05
f0410506,EZER배금정,filfox,2026-03-05
f0410941,Holon AU,nova_energy,2026-03-05
f0411877,Universal Cloud,filfox,2026-03-05
f0413050,网腾科技,filfox,2026-03-05
f0413323,F117,filfox,2026-03-05
f0413419,玖琞云,filfox,2026-03-05
f0413456,贝达科技,filfox,2026-03-05
f0413563,LAVA HOLDINGS,filfox,2026-03-05
f0413684,icecream,filfox,2026-03-05
f0417133,A,filfox,2026-03-05
f0417720,明灿联盟,filfox,2026-03-05
f0417748,DataStone-Fu-hsi,filfox,2026-03-05
f0417767,合欢链,filfox,2026-03-05
f0417826,Fbank01,filfox,2026-03-05
f0418086,aladdin,filfox,2026-03-05
f0418632,bsm3413,filfox,2026-03-05
f0418652,shijiyun,filfox,2026-03-05
f0419331,禾沐万福,filfox,2026-03-05
f0419662,ZY.YZ,filfox,2026-03-05
f0419944,Firefly-芯存云智,filfox,2026-03-05
f0419945,Firefly-启鸿科技-翼宿,filfox,2026-03-05
f0420189,共赢存储,filfox,2026-03-05
f0420508,xx,filfox,2026-03-05
f0421061,EZER 박일환,filfox,2026-03-05
f0421387,ZK  cloud,filfox,2026-03-05
f0421392,gohu,filfox,2026-03-05
f0421393,gohutest,filfox,2026-03-05
f0422229,BXKJ,filfox,2026-03-05
f0422266,CCC数科,filfox,2026-03-05
f0422737,IPFS-global-01,filfox,2026-03-05
f0423050,文迦-万里云,filfox,2026-03-05
f0423057,舜时杰-泰山,filfox,2026-03-05
f0423371,EZER송호현,filfox,2026-03-05
f0423381,EZER 한재일,filfox,2026-03-05
f042391,SD-test-1,filfox,2026-03-05
f0424761,巨鲸云,filfox,2026-03-05
f042540,BCM-T2,filfox,2026-03-05
f042558,BCM-T4,filfox,2026-03-05
f042635,方舟（3号矿池）,filfox,2026-03-05
f0426531,Serverkorea2,filfox,2026-03-05
f0426933,V字矿池,filfox,2026-03-05
f0427393,FILMINER CLUB,filfox,2026-03-05
f0427975,Beidou,filfox,2026-03-05
f0427989,pangukaiyuan,filfox,2026-03-05
f0428075,零零七,filfox,2026-03-05
f0428263,xinxunkeji,filfox,2026-03-05
f0428306,xiaoxin,filfox,2026-03-05
f0428661,西部世界006,filfox,2026-03-05
f0429063,Binger7,filfox,2026-03-05
f0430101,f0430101,filfox,2026-03-05
f0432235,尖谷.哈希云,filfox,2026-03-05
f0432329,泰晨云,filfox,2026-03-05
f0432345,xunlai,filfox,2026-03-05
f0432375,浙江末店,filfox,2026-03-05
f0432382,链如云,filfox,2026-03-05
f0432570,雷索云,filfox,2026-03-05
f0432594,尚方云际-2,filfox,2026-03-05
f0432661,kuangjiaosuo,filfox,2026-03-05
f0433688,RoundDigit,filfox,2026-03-05
f0433689,lanjing cloud computing crop,filfox,2026-03-05
f0433690,xiangdi,filfox,2026-03-05
f0433691,yibai corp,filfox,2026-03-05
f043376,JUNEPYDER-01,filfox,2026-03-05
f0433892,YJCC&ZHSL,filfox,2026-03-05
f0435045,인더브릿지,filfox,2026-03-05
f0435971,kinghash,filfox,2026-03-05
f043929,LinPeng,filfox,2026-03-05
f0440429,we4u-WHITE,filfox,2026-03-05
f0440919,Kozi butterfly,filfox,2026-03-05
f0441372,SCLC,filfox,2026-03-05
f0441525,Shang Shan Ruo Shui,filfox,2026-03-05
f044160,muxing,filfox,2026-03-05
f0441703,时空云存,filfox,2026-03-05
f0442370,RRM-雅典娜-asia64,filfox,2026-03-05
f0442371,RRM-雅典娜-asia63,filfox,2026-03-05
f0442374,RRM-雅典娜-asia 65,filfox,2026-03-05
f0442375,RRM- 雅典娜 -asia66,filfox,2026-03-05
f0442376,RRM-雅典娜-asia 69,filfox,2026-03-05
f0442550,柚子云链,filfox,2026-03-05
f0442670,云界-温州,filfox,2026-03-05
f0442672,RRM-雅典娜-asia 68,filfox,2026-03-05
f0443179,Golden cloud pool,filfox,2026-03-05
f0443184,盛氏存储,filfox,2026-03-05
f0443480,my fil 银河实验室,filfox,2026-03-05
f0444122,ZhengYu,filfox,2026-03-05
f04443,罗良科技&仙藤掘金,filfox,2026-03-05
f0447106,XingKongYunChuang,filfox,2026-03-05
f0447651,杰克矿池,filfox,2026-03-05
f0448660,BY,filfox,2026-03-05
f0449072,백두대간,filfox,2026-03-05
f0449088,EZER박정태,filfox,2026-03-05
f0449196,UnionPool-DMEX,filfox,2026-03-05
f0449296,三朵云&兰花,filfox,2026-03-05
f0450959,Interstellar Storage (Nantong Yuze),filfox,2026-03-05
f0452808,小鱼极光云2号,filfox,2026-03-05
f0454186,诚厚矿池,filfox,2026-03-05
f0456740,大陆超算—金桔,filfox,2026-03-05
f0456741,方舟5号矿池,filfox,2026-03-05
f0457168,三朵云&兄弟联盟,filfox,2026-03-05
f0459325,BestMain,filfox,2026-03-05
f0460078,kjs-zang,filfox,2026-03-05
f0460660,零壹云,filfox,2026-03-05
f0461752,中胤现代,filfox,2026-03-05
f0461791,rich fil coco,filfox,2026-03-05
f0463184,Lande Clink,filfox,2026-03-05
f0463950,JJ WORLD,filfox,2026-03-05
f046426,ZYPOOL,filfox,2026-03-05
f0466070,NeznChain,filfox,2026-03-05
f0466405,StakeAquarium.com,filfox,2026-03-05
f0466425,Shubei Technology,filfox,2026-03-05
f0466990,fengge,filfox,2026-03-05
f0467809,blue pool,filfox,2026-03-05
f0469055,西部世界007,filfox,2026-03-05
f0469578,小蜜蜂科技～XJYX,filfox,2026-03-05
f0469959,淼存科技,filfox,2026-03-05
f0470182,SNY,filfox,2026-03-05
f0470608,LIANYAN,filfox,2026-03-05
f0471691,Imperium Cloud-01 (Show Time),filfox,2026-03-05
f0472061,honeycomb cloud,filfox,2026-03-05
f0472863,jxls,filfox,2026-03-05
f0473113,JingXing,filfox,2026-03-05
f0473677,汇达,filfox,2026-03-05
f0473956,菲尔比科技,filfox,2026-03-05
f047419,Citadel,filfox,2026-03-05
f0475664,数字方舟-辽宁号,filfox,2026-03-05
f0476409,sgdata,filfox,2026-03-05
f047666,JingTang,filfox,2026-03-05
f047843,sk,filfox,2026-03-05
f047857,xhyc,filfox,2026-03-05
f047868,ARS/E-FILE,filfox,2026-03-05
f0478837,YeaosoundTech-01,filfox,2026-03-05
f047978,EZER MINING,filfox,2026-03-05
f0480936,SGS.YCSJ,filfox,2026-03-05
f0480944,ZCGG,filfox,2026-03-05
f048135,password interstellar,filfox,2026-03-05
f0481938,Imperium Cloud-02(MO),filfox,2026-03-05
f0482494,zenus-water,filfox,2026-03-05
f0483206,CamelPool,filfox,2026-03-05
f0484990,华盈云&云耕,filfox,2026-03-05
f0486952,kjs-Gang,filfox,2026-03-05
f0487097,贝多矿池,filfox,2026-03-05
f0488215,豪飞儿,filfox,2026-03-05
f0488733,矿多多,filfox,2026-03-05
f0488889,金燕子,filfox,2026-03-05
f0490173,EZER 유승희,filfox,2026-03-05
f0490501,数字云矿,filfox,2026-03-05
f0491919,XINKUANGSHENYI,filfox,2026-03-05
f0492030,filvault,filfox,2026-03-05
f0492360,muxuetang,filfox,2026-03-05
f0492474,ShanDeCloud,filfox,2026-03-05
f0492481,中鑫视创～筋斗云,filfox,2026-03-05
f0492601,PalmCloud,filfox,2026-03-05
f0492737,Focus on mining,filfox,2026-03-05
f0493237,33pool,filfox,2026-03-05
f0494174,Haltorpet,filfox,2026-03-05
f0494603,Paragon Cloud-888,filfox,2026-03-05
f0494733,WitCloud-CH1,filfox,2026-03-05
f0494841,SuanLiFeng4-Nebula,filfox,2026-03-05
f0496897,睿云科技,filfox,2026-03-05
f0497031,培蕾计划&清客云,filfox,2026-03-05
f049882,Chipz,filfox,2026-03-05
f0498868,XJFL,filfox,2026-03-05
f0498920,IPFS.CO.ID,filfox,2026-03-05
f049911,MC POOL,filfox,2026-03-05
f050022,正链云,filfox,2026-03-05
f050214,melonvault.com,filfox,2026-03-05
f0503010,Yuanbao,filfox,2026-03-05
f0503420,Yi Da Kuang Ye,filfox,2026-03-05
f0504054,guoxun,filfox,2026-03-05
f0504097,Star age,filfox,2026-03-05
f0504467,lioncrowe,filfox,2026-03-05
f0504468,99data,filfox,2026-03-05
f0504929,XingKongYunChuang,filfox,2026-03-05
f0504985,Atlas Cloud Mining,filfox,2026-03-05
f0505001,ZLJ,filfox,2026-03-05
f0505110,BITFORCE,filfox,2026-03-05
f0506800,wanlifeng,filfox,2026-03-05
f0507420,stash,filfox,2026-03-05
f0508328,UnionPool-ViXii,filfox,2026-03-05
f0508622,XJ1693,filfox,2026-03-05
f0508988,DoubleHeader,filfox,2026-03-05
f0509228,qiangqiangwangluo,filfox,2026-03-05
f0509864,SpaceDream_Eagle2,filfox,2026-03-05
f0510957,sinianyun,filfox,2026-03-05
f0511318,QMTJ-64G,filfox,2026-03-05
f0511385,HKiCloud,filfox,2026-03-05
f0511732,飞尔&乐存&币高,filfox,2026-03-05
f0512170,KimCheonHo02,filfox,2026-03-05
f0512179,Join,filfox,2026-03-05
f0512611,sgdata union,filfox,2026-03-05
f0513351,cloudup,filfox,2026-03-05
f0513685,SPHK,filfox,2026-03-05
f0513878,luckypool,filfox,2026-03-05
f0514000,xinyunkeji2hao,filfox,2026-03-05
f0514235,QMY-64G,filfox,2026-03-05
f0514241,InnerShare,filfox,2026-03-05
f0515264,xingjie,filfox,2026-03-05
f0515389,bylfgy,filfox,2026-03-05
f0515626,如意云,filfox,2026-03-05
f0515674,中科云储005《新哥217》,filfox,2026-03-05
f0516456,EZER 사천진,filfox,2026-03-05
f0517655,ESPO.D.C-GOLD,filfox,2026-03-05
f0518668,中科云创.NetWork,filfox,2026-03-05
f0518713,filecoin.plus,filfox,2026-03-05
f0519331,StarPools-W,filfox,2026-03-05
f0519333,YHTJ,filfox,2026-03-05
f0519376,filecoin.plus,filfox,2026-03-05
f0519513,XingHeKuangChi,filfox,2026-03-05
f0520262,icecream2,filfox,2026-03-05
f0520521,zkcy,filfox,2026-03-05
f0521499,S-1,filfox,2026-03-05
f0521508,g,filfox,2026-03-05
f0521831,坤巍-UB,filfox,2026-03-05
f0521884,小雨点-2,filfox,2026-03-05
f0523415,DIG,filfox,2026-03-05
f0523711,unistar,filfox,2026-03-05
f052447,大陆矿池,filfox,2026-03-05
f0524489,Wonder_CiCi,filfox,2026-03-05
f0524517,Wonder_Lee,filfox,2026-03-05
f052701,f052701,filfox,2026-03-05
f053037,益海,filfox,2026-03-05
f053088,五木精舍,filfox,2026-03-05
f053140,腾云数据（四少）,filfox,2026-03-05
f053173,金鹏,filfox,2026-03-05
f053229,UnionPool-Scorpius,filfox,2026-03-05
f053255,EZER MINIG,filfox,2026-03-05
f053916,Cory Schwartz,filfox,2026-03-05
f054083,aoc-0001,filfox,2026-03-05
f054120,tskj,filfox,2026-03-05
f054464,亿汇云,filfox,2026-03-05
f054526,加密云,filfox,2026-03-05
f054619,aoc-0002,filfox,2026-03-05
f054666,斯年云-磊哥1号,filfox,2026-03-05
f054788,soc-0003,filfox,2026-03-05
f055102,mypool-01,filfox,2026-03-05
f055123,NOAHARK,filfox,2026-03-05
f055132,mypool-02,filfox,2026-03-05
f055446,中科铸耀,filfox,2026-03-05
f055522,Galaxy Interstellar,filfox,2026-03-05
f055538,Filecoin-Veneto,filfox,2026-03-05
f056226,神算矿池-ssss.top,filfox,2026-03-05
f05664,艾比特网络科技,filrep,2026-03-05
f057614,超越,filfox,2026-03-05
f058168,EZER MINING,filfox,2026-03-05
f0592088,Firefly-云泽水汇,filfox,2026-03-05
f059740,TinkiWinki,filfox,2026-03-05
f060072,lianqun-qilinsuanli,filfox,2026-03-05
f0601583,Firefly-生肖,filfox,2026-03-05
f0601975,SpaceDream_Eagle2,filfox,2026-03-05
f0601980,SpaceDream_Phoenix2,filfox,2026-03-05
f0602011,zeus-glod,filfox,2026-03-05
f0602553,mile stone,filfox,2026-03-05
f060754,LC+HXY,filfox,2026-03-05
f060805,DataLineKR,filfox,2026-03-05
f061051,Galaxy-XJCC,filfox,2026-03-05
f061158,phoenix,filfox,2026-03-05
f061407,TMX,filfox,2026-03-05
f061503,Stella,filfox,2026-03-05
f062260,hangjiuxingji,filfox,2026-03-05
f062473,winner,filfox,2026-03-05
f062492,chinay2k,filfox,2026-03-05
f062619,Origin Pool,filfox,2026-03-05
f062981,江南菲尔-先驱实验室,filfox,2026-03-05
f063628,BLACKEYE,filfox,2026-03-05
f063996,Filcloud,filfox,2026-03-05
f064218,Simba,filfox,2026-03-05
f0646439,蜻蜓云F1,filfox,2026-03-05
f064668,isunfilecoin,filfox,2026-03-05
f064855,联合矿池-α,filfox,2026-03-05
f064908,honeycomb,filfox,2026-03-05
f065103,Bibo Pool 2,filfox,2026-03-05
f065141,IPFS储能国际,filfox,2026-03-05
f065174,KDD-XJYC-4#,filfox,2026-03-05
f065200,BestPool,filfox,2026-03-05
f0652413,filecoin.plus,filfox,2026-03-05
f0652414,JCLH,filfox,2026-03-05
f065266,JamesRich,filfox,2026-03-05
f065280,DSP,filfox,2026-03-05
f065610,蜜蜂存储&蚂蚁集群,filfox,2026-03-05
f065832,aoc0003,filfox,2026-03-05
f065881,天安&金萨,filfox,2026-03-05
f066102,Hotbit-UnionPool,filfox,2026-03-05
f066104,分子 Molecular Group,filfox,2026-03-05
f066210,杭州中链云,filfox,2026-03-05
f066259,BAHASH,filfox,2026-03-05
f066270,U9,filfox,2026-03-05
f0663311,Bhero3 & filecoin.plus,filfox,2026-03-05
f066563,磐石云-弥勒,filfox,2026-03-05
f066566,aoc-0003,filfox,2026-03-05
f0665666,LUCK NODE,filfox,2026-03-05
f066568,aoc-0002,filfox,2026-03-05
f066596,PiKNiK - Star Cluster,filfox,2026-03-05
f0666315,JKYUB,filfox,2026-03-05
f066790,CSSD,filfox,2026-03-05
f066898,@visvirial,filfox,2026-03-05
f0669999,MXcloud,filfox,2026-03-05
f0670491,HXY-恒讯云储,filfox,2026-03-05
f0670902,超能云储,filfox,2026-03-05
f067170,绿洲云,filfox,2026-03-05
f0672142,LeeSeungHo,filfox,2026-03-05
f0673645,hncs,filfox,2026-03-05
f0673990,Dayan Sky Node I,filfox,2026-03-05
f0674600,Firefly-GL,filfox,2026-03-05
f0674756,sinianyun,filfox,2026-03-05
f0675287,Easy,filfox,2026-03-05
f067545,deni64k,filfox,2026-03-05
f0675459,Zhong Tian Yun Chu,filfox,2026-03-05
f0675909,LeeSeungHo,filfox,2026-03-05
f0676183,王晶矿池,filfox,2026-03-05
f0676272,世联天下,filfox,2026-03-05
f0678781,飞猫云,filfox,2026-03-05
f0678845,FMINE.COM,filfox,2026-03-05
f0678914,PiKNiK - Supernova,filfox,2026-03-05
f0680538,SpaceDream_Eagle2,filfox,2026-03-05
f0680677,鲸鱼矿池,filfox,2026-03-05
f0680929,S,filfox,2026-03-05
f0680977,jjqkl,filfox,2026-03-05
f0681063,M&C•中链云矿,filfox,2026-03-05
f0682032,涅布拉云2号,filfox,2026-03-05
f0684618,吉链云储,filfox,2026-03-05
f0685007,ydd&hhsz,filfox,2026-03-05
f0685231,Btc Silicon Valley,filfox,2026-03-05
f068556,Star age,filfox,2026-03-05
f068560,f068560,filfox,2026-03-05
f0686111,EZER 이태경,filfox,2026-03-05
f0687206,chai-dcibu,filfox,2026-03-05
f0687211,CFL~空中飞人,filfox,2026-03-05
f0688165,Metaverse Infrastructure,filfox,2026-03-05
f0688935,fly copy node,filfox,2026-03-05
f0689917,SIX-DIMESIONAL,filfox,2026-03-05
f0690459,XiaoMing Technology,filfox,2026-03-05
f0690736,Metaverse Infrastructure,filfox,2026-03-05
f0690971,兆亿云,filfox,2026-03-05
f0690972,星耀四方,filfox,2026-03-05
f0691310,智联汇科,filfox,2026-03-05
f0692371,miningpuppets,filfox,2026-03-05
f0693008,kjs-xing,filfox,2026-03-05
f0693131,超算云储,filfox,2026-03-05
f0693765,MYData,filfox,2026-03-05
f0693793,算力云储,filfox,2026-03-05
f069391,xc,filfox,2026-03-05
f0694099,XYY,filfox,2026-03-05
f0694149,LecunZhonghong-1,filfox,2026-03-05
f0694232,超算社区,filfox,2026-03-05
f0694396,N64,filfox,2026-03-05
f0694843,EZER임정현,filfox,2026-03-05
f0694908,xinghuoyun,filfox,2026-03-05
f0694916,BoilerMakers,filfox,2026-03-05
f0694928,Kunjie Tech,filfox,2026-03-05
f0695014,九赀联,filfox,2026-03-05
f0695289,DouLuo,filfox,2026-03-05
f0697462,HanSol with AIDAPPS,filfox,2026-03-05
f0699115,Filovo2,filfox,2026-03-05
f069915,天闲星~入云龙,filrep,2026-03-05
f0699181,C&H,filfox,2026-03-05
f0700207,mole,filfox,2026-03-05
f070044,honeycomb cloud,filfox,2026-03-05
f070045,honeycomb,filfox,2026-03-05
f0701144,appay,filfox,2026-03-05
f0702010,SHANHAIDA,filfox,2026-03-05
f0702301,xinghejingyu,filfox,2026-03-05
f0702302,软云存储,filfox,2026-03-05
f0702377,蜻蜓云F2,filfox,2026-03-05
f0702810,XSpool,filfox,2026-03-05
f0705118,Filecoin Korea 7,filfox,2026-03-05
f0705136,yunlianchuzhuque,filfox,2026-03-05
f0705521,星际云库,filfox,2026-03-05
f0705937,久久存储,filfox,2026-03-05
f0706937,HCN23,filfox,2026-03-05
f0707197,ZBYK,filfox,2026-03-05
f0707721,Dcent-64,filfox,2026-03-05
f0707777,香港龙门矿业002,filfox,2026-03-05
f0708763,ANT-钢铁侠,filfox,2026-03-05
f0708764,星河鲸鱼,filfox,2026-03-05
f0709325,EZER 성공신화,filfox,2026-03-05
f0709896,cgkj,filfox,2026-03-05
f0711289,福建百邦创联,filfox,2026-03-05
f0711445,Aou-建宁存储,filfox,2026-03-05
f071287,hupool,filfox,2026-03-05
f0713585,chainhackers,filfox,2026-03-05
f0715086,Tony Node,filfox,2026-03-05
f0715209,snkj,filfox,2026-03-05
f0715446,星河联盟hippo,filfox,2026-03-05
f0715561,Mining Pool,filfox,2026-03-05
f0715639,火星云链,filfox,2026-03-05
f0715904,达戎王-α,filfox,2026-03-05
f0716103,鑫峰云-α,filfox,2026-03-05
f0716170,安森矿池-α,filfox,2026-03-05
f071624,Forked One,filfox,2026-03-05
f0716283,yeezymine,filfox,2026-03-05
f0716775,galen,filfox,2026-03-05
f0717289,galen,filfox,2026-03-05
f0717905,Quick Storage Technology 2,filfox,2026-03-05
f0718079,TradePro,filfox,2026-03-05
f0718313,狗头帮,filfox,2026-03-05
f0718552,WEILAIYUNCHUKEJI,filfox,2026-03-05
f0719301,The Fund of Alpha&The ninth city,filfox,2026-03-05
f071980,SHGS 0.618,filfox,2026-03-05
f0720636,NGVP,filfox,2026-03-05
f0722515,WINNERS,filfox,2026-03-05
f0722658,stariverpool,filfox,2026-03-05
f0723006,HCN25,filfox,2026-03-05
f0723162,HCN24,filfox,2026-03-05
f0723604,谷篮科技,filfox,2026-03-05
f0723827,xingjiyunku,filfox,2026-03-05
f0724023,ADLKJ,filfox,2026-03-05
f0724097,Firefly-棋林云储,filfox,2026-03-05
f0724216,Metaverse Infrastructure,filfox,2026-03-05
f0724219,Filecoin.cat,filfox,2026-03-05
f0724728,BMY,filfox,2026-03-05
f0726270,Fil node,filfox,2026-03-05
f0726677,EZER최창민,filfox,2026-03-05
f0726742,放心云科技,filfox,2026-03-05
f072737,Whale Shark Technology,filfox,2026-03-05
f0727453,DIPFS,filfox,2026-03-05
f0729412,IPANT-金童童,filfox,2026-03-05
f0730266,SZYT,filfox,2026-03-05
f0730353,MT Pool,filfox,2026-03-05
f0730942,Ant Cluster,filfox,2026-03-05
f0731150,cslc,filfox,2026-03-05
f0731235,FEEL_UA,filfox,2026-03-05
f0732862,f0732862,filfox,2026-03-05
f0733692,bny,filfox,2026-03-05
f0734051,JJ01,filfox,2026-03-05
f0735027,RZ,filfox,2026-03-05
f073844,Handbook,filfox,2026-03-05
f073888,LILY-WG-WQY,filfox,2026-03-05
f073904,程牛科技,filfox,2026-03-05
f0743933,黑白矿池,filfox,2026-03-05
f0744513,Shun Tong Tian Cheng,filfox,2026-03-05
f0744622,youworld,filfox,2026-03-05
f0745068,旭日网络,filfox,2026-03-05
f0745116,XingWei Network,filfox,2026-03-05
f0745192,liancunyun-qilinsuanli,filfox,2026-03-05
f0746542,"APEX IDC  CO., LTD.",filfox,2026-03-05
f0746628,ZNYK,filfox,2026-03-05
f0746991,S,filfox,2026-03-05
f074738,max-01,filfox,2026-03-05
f0747980,田雨凡,filfox,2026-03-05
f0748101,Firefly-牛宿,filfox,2026-03-05
f0748179,Jinquan Technology,filfox,2026-03-05
f0748875,宝多多,filfox,2026-03-05
f0751099,Atlas Cloud Mining,filfox,2026-03-05
f0751450,悍远兴业,filfox,2026-03-05
f0752620,BB,filfox,2026-03-05
f0752635,dijia fila,filfox,2026-03-05
f0753228,明鑫矿业,filfox,2026-03-05
f0753366,BY,filfox,2026-03-05
f0753569,xingjicunchu-xingjigonglian,filfox,2026-03-05
f0754373,Deventer Eagles,filfox,2026-03-05
f0754993,DKZ-大矿主,filfox,2026-03-05
f0755650,ylpool_langzhushe,filfox,2026-03-05
f0756207,SUPER GRAPH,filfox,2026-03-05
f0756338,星洋云算双渔7号,filfox,2026-03-05
f0757234,ZHONGZHENG,filfox,2026-03-05
f0757610,麒麟谷613,filfox,2026-03-05
f0759826,MAGMA,filfox,2026-03-05
f0761358,chuangfukuangchi,filfox,2026-03-05
f0761676,xdlpool,filfox,2026-03-05
f0763048,Imperium Cloud-03 Dino World,filfox,2026-03-05
f0763082,Imperium Cloud-04 EC GO,filfox,2026-03-05
f0763093,yunjiyuan,filfox,2026-03-05
f0763337,HAL mining,filfox,2026-03-05
f0763981,银河数据,filfox,2026-03-05
f0765071,汉唐云,filfox,2026-03-05
f0765173,etlink,filfox,2026-03-05
f07709,WIGO M.C.,filrep,2026-03-05
f0772766,Monkie,filfox,2026-03-05
f0773157,Repono.io,filfox,2026-03-05
f07749,曜星科技一号存储,filfox,2026-03-05
f07752,nebula-single,filfox,2026-03-05
f07774,xjwj/yc2,filfox,2026-03-05
f07775,xjwj/yc,filfox,2026-03-05
f07796,XCYC,filfox,2026-03-05
f07810,YUNJI TECH,filfox,2026-03-05
f07819,YC-wuxi,filfox,2026-03-05
f07824,KK Zhao,filrep,2026-03-05
f07830,IMPOOL,filfox,2026-03-05
f07833,X-Nest,filfox,2026-03-05
f078425,CryptoHash,filfox,2026-03-05
f078465,青云直上,filfox,2026-03-05
f078621,WON YOUNG CHUL,filfox,2026-03-05
f078772,WhaleEx,filfox,2026-03-05
f078922,Petros,filfox,2026-03-05
f079092,星际港湾-γ,filfox,2026-03-05
f07919,filecoin.plus,filfox,2026-03-05
f079197,上海古数 0.382,filfox,2026-03-05
f07945,yisanscience,filfox,2026-03-05
f07956,FILmiPool-EU,filfox,2026-03-05
f079618,HMpool - 2,filfox,2026-03-05
f07969,FME,filrep,2026-03-05
f079719,NDCEX,filfox,2026-03-05
f07982,磐石存储,filfox,2026-03-05
f07998,安问,filrep,2026-03-05
f080009,Healthcarenavi,filfox,2026-03-05
f080103,LUXL,filfox,2026-03-05
f08019,SanHe,filfox,2026-03-05
f080468,KDD-熊猫9#,filfox,2026-03-05
f080480,West_Storage,filfox,2026-03-05
f0805402,Kim jaewon,filfox,2026-03-05
f0805486,星河中科云鼎,filfox,2026-03-05
f0805567,红椒&蜂巢,filfox,2026-03-05
f0805568,Kim jaewon_2,filfox,2026-03-05
f0805666,The Silver Sta,filfox,2026-03-05
f0805937,shengman,filfox,2026-03-05
f080628,Feiyu,filfox,2026-03-05
f0806347,LinkK-SH,filfox,2026-03-05
f0807384,云米超算,filfox,2026-03-05
f0807385,恒泰科技,filfox,2026-03-05
f0807388,TTM乾库云-雅典娜,filfox,2026-03-05
f0807839,旺客云,filfox,2026-03-05
f0808766,honeycomb cloud,filfox,2026-03-05
f08094,FogSet Technology,filfox,2026-03-05
f08103,花生酱肠粉,filfox,2026-03-05
f0810358,IPFSKDC,filfox,2026-03-05
f08109,qianyuanyunshuo,filfox,2026-03-05
f0811878,星际云朗,filfox,2026-03-05
f081222,youworld001,filfox,2026-03-05
f0813083,EZER(오진규),filfox,2026-03-05
f081323,Midland UK,filfox,2026-03-05
f0813992,YD,filfox,2026-03-05
f0814012,Comminer Inter,filfox,2026-03-05
f0814049,space one,filfox,2026-03-05
f0814155,Da Tong World,filfox,2026-03-05
f08148,Decentral Tech,filrep,2026-03-05
f08157,Lotus,filfox,2026-03-05
f0816782,EZER 선우,filfox,2026-03-05
f0818235,Rhea,filfox,2026-03-05
f08197,新名,filfox,2026-03-05
f081977,f081977-火星动力,filfox,2026-03-05
f081987,玖亿云储,filfox,2026-03-05
f081988,华储智云,filfox,2026-03-05
f082001,IPANT-火聪聪,filfox,2026-03-05
f082095,RRM- 雅典娜 -asia 05,filfox,2026-03-05
f08220,Filebase,filfox,2026-03-05
f0822032,IPFSKDC-MAIN2,filfox,2026-03-05
f0822674,hashshare,filfox,2026-03-05
f0822818,China business cloud,filfox,2026-03-05
f0823127,鸿熙云,filfox,2026-03-05
f08235,Galaxy Cloud Pool,filfox,2026-03-05
f082356,神算矿池-北艺居,filfox,2026-03-05
f08240,Rabinovitch,filrep,2026-03-05
f08246,大麦,filfox,2026-03-05
f0825528,HKCiCloud,filfox,2026-03-05
f08257,HTC,filfox,2026-03-05
f082601,ucloud,filfox,2026-03-05
f0826272,合伙人矿池,filfox,2026-03-05
f08264,qiheng,filfox,2026-03-05
f0826566,星际博丰,filfox,2026-03-05
f082730,DCPool-Mercury,filfox,2026-03-05
f0828066,PiKNiK - sapminer1,filfox,2026-03-05
f08285,stander,filfox,2026-03-05
f08289,FILmiPool-CA,filfox,2026-03-05
f0829765,SNY-BTking,filfox,2026-03-05
f08311,aaronlovegina,filfox,2026-03-05
f0832131,스토어스위프트KR,filfox,2026-03-05
f083419,协从云,filfox,2026-03-05
f08346,dataFarm,filfox,2026-03-05
f08349,hkicloud,filfox,2026-03-05
f0835180,蜂芒云(Bee Pool~HX),filfox,2026-03-05
f083550,Fmyning,filfox,2026-03-05
f0835643,ipfs-lab,filfox,2026-03-05
f0836160,Filebank1,filfox,2026-03-05
f083625,Huobi Mall,filfox,2026-03-05
f083638,仙桃研究院,filfox,2026-03-05
f0838467,IPFSKOREA-IDC,filfox,2026-03-05
f08385,Vancores,filfox,2026-03-05
f0838684,handmade-data.cz,filfox,2026-03-05
f0839084,GD-firefly,filfox,2026-03-05
f0839133,Firefly-中云云雀,filfox,2026-03-05
f08399,MiningMusing,filfox,2026-03-05
f0840040,baiyuyunchu,filfox,2026-03-05
f08403,TippyFlits,filfox,2026-03-05
f0840430,ZZBY,filfox,2026-03-05
f084135,BPool联盟,filrep,2026-03-05
f0841453,XZY.YZ,filfox,2026-03-05
f0842171,KDD-PANDA-8,filfox,2026-03-05
f0842266,D&W~紫牛,filfox,2026-03-05
f0843255,MARS POWER,filfox,2026-03-05
f0843558,浩世科技,filfox,2026-03-05
f0843713,zhengzhengrishang-ririchuangxin,filfox,2026-03-05
f084419,火雷神算,filfox,2026-03-05
f0844271,Flyercloud,filfox,2026-03-05
f0844439,共识算力&芯存•兴强,filfox,2026-03-05
f0844916,云空间&Sunpool,filfox,2026-03-05
f0845186,zhonglianyunkuang,filfox,2026-03-05
f0845296,RAISE,filfox,2026-03-05
f0845528,龙行天下,filfox,2026-03-05
f0846191,中安瑞池-Grape,filfox,2026-03-05
f0846681,IPFS.YS,filfox,2026-03-05
f084879,KAIROS ICT,filfox,2026-03-05
f084907,堃基科技-α,filfox,2026-03-05
f0849079,S-2,filfox,2026-03-05
f085486,Morphidae X TATMAS,filfox,2026-03-05
f085612,Blockchain World,filfox,2026-03-05
f0856508,MGS,filfox,2026-03-05
f085682,Steven,filfox,2026-03-05
f085710,星际港湾-ε,filfox,2026-03-05
f0857612,Future cloud,filfox,2026-03-05
f0857798,星火燎原,filfox,2026-03-05
f0859013,WhaleFarm-Lisao,filfox,2026-03-05
f086028,Squirrel Pool,filfox,2026-03-05
f086151,pool1,filfox,2026-03-05
f086204,DCPool-Jupiter,filfox,2026-03-05
f0862933,🦬,filfox,2026-03-05
f086366,海豹存储,filfox,2026-03-05
f086423,StariverPool,filfox,2026-03-05
f086439,云矿@金鹊,filfox,2026-03-05
f086450,star gate pool,filfox,2026-03-05
f0864910,PandoMining,filfox,2026-03-05
f086572,智联云储,filfox,2026-03-05
f0866508,金孔雀,filfox,2026-03-05
f0866966,D&W-喜洋洋,filfox,2026-03-05
f0868971,Trina cloud storage,filfox,2026-03-05
f086988,Conqueror,filfox,2026-03-05
f0870333,币多多,filfox,2026-03-05
f087096,XingHuiLingHang,filfox,2026-03-05
f0870973,StarMiner.NetWork,filfox,2026-03-05
f0871511,蜜蜂存储,filfox,2026-03-05
f087256,1816,filfox,2026-03-05
f0873699,zhongqiyunkuang,filfox,2026-03-05
f0874057,Haunnamu,filfox,2026-03-05
f0875769,Forked One,filfox,2026-03-05
f0876800,Ameba Computing Center,filfox,2026-03-05
f0878005,Pocpool.io,filfox,2026-03-05
f087868,SDZG,filfox,2026-03-05
f08787,BestPool,filfox,2026-03-05
f087871,HKC,filfox,2026-03-05
f087879,mirpop,filfox,2026-03-05
f0878807,明湖华胜,filfox,2026-03-05
f087890,Hong Kong Hyatt,filfox,2026-03-05
f087899,迈宁科技,filfox,2026-03-05
f0879756,Hiblockpool-seven,filfox,2026-03-05
f087999,BEACON,filfox,2026-03-05
f088125,OrientalPearl,filfox,2026-03-05
f0881262,D&W-烁虎,filfox,2026-03-05
f0881281,D&W--金猴,filfox,2026-03-05
f0881321,D&W-川军一团,filfox,2026-03-05
f0881531,浩世科技,filfox,2026-03-05
f0881687,f0881687,filfox,2026-03-05
f0883083,A,filfox,2026-03-05
f088400,SCKJ,filfox,2026-03-05
f0884781,巨鯨资本,filfox,2026-03-05
f0884795,InnerShare R&D,filfox,2026-03-05
f089173,Hotbit-UnionPool,filfox,2026-03-05
f089180,UnionPool-超算大陆,filfox,2026-03-05
f089220,FOR WORLD,filfox,2026-03-05
f089358,Wenzhou No.1-Pastoral S&T,filfox,2026-03-05
f08937,YC-wuxi,filfox,2026-03-05
f089380,YL-Mine,filfox,2026-03-05
f089551,Hashcow,filfox,2026-03-05
f089819,Meishu Technology,filfox,2026-03-05
f089840,About the Block,filfox,2026-03-05
f089910,Super Calculator,filfox,2026-03-05
f089920,Iron,filfox,2026-03-05
f09002,fll,filfox,2026-03-05
f09037,MainPool,filfox,2026-03-05
f090387,901,filfox,2026-03-05
f090481,联创矿池,filfox,2026-03-05
f090484,众赢科技,filfox,2026-03-05
f090864,淼鹏•鸿韵社区,filfox,2026-03-05
f090889,prosdog,filfox,2026-03-05
f090900,安徽山海达技术,filfox,2026-03-05
f091143,MC POOL,filfox,2026-03-05
f091395,xmfkj,filfox,2026-03-05
f091798,亚奇云储,filfox,2026-03-05
f091913,Filconnect Korea,filfox,2026-03-05
f091927,山海达-高超科技,filfox,2026-03-05
f091958,张雅婷,filfox,2026-03-05
f091959,绿洲云&轻舟,filfox,2026-03-05
f091996,张剑萍,filfox,2026-03-05
f091999,山海达股份,filfox,2026-03-05
f092066,金矿侠,filfox,2026-03-05
f092228,12Ships,filrep,2026-03-05
f092514,超音速,filfox,2026-03-05
f093658,飞儿云储,filfox,2026-03-05
f094128,星河云际,filfox,2026-03-05
f094374,星脉耘储CCPOOL,filfox,2026-03-05
f094625,香港链上云-聚科纳,filfox,2026-03-05
f094765,ZKH,filfox,2026-03-05
f094901,PLUSTER03,filfox,2026-03-05
f095296,wuwang,filfox,2026-03-05
f095382,Tokencan,filfox,2026-03-05
f09560,Wondertan,filfox,2026-03-05
f09561,NineStor 9Stor,filfox,2026-03-05
f09565,Wondertan,filfox,2026-03-05
f095888,胜者为王,filfox,2026-03-05
f09589,Interstellar Lightning,filfox,2026-03-05
f095970,RRM- 雅典娜 -asia 06,filfox,2026-03-05
f095997,filecoin.plus,filfox,2026-03-05
f095998,yisankeji,filfox,2026-03-05
f09605,Wondertan,filfox,2026-03-05
f096064,RRM- 雅典娜 -asia 07,filfox,2026-03-05
f096072,RRM- 雅典娜 -asia 08,filfox,2026-03-05
f096077,RRM- 雅典娜 -asia 09,filfox,2026-03-05
f096087,RRM- 雅典娜 -asia 10,filfox,2026-03-05
f096133,QM&filecoin.plus,filfox,2026-03-05
f096172,Ant Cluster,filfox,2026-03-05
f096173,BCW,filfox,2026-03-05
f09642,ViIn AB,filrep,2026-03-05
f09652,RRM- 雅典娜 -asia 02,filfox,2026-03-05
f096540,Fullerol,filfox,2026-03-05
f09656,NL,filfox,2026-03-05
f09662,kernelogic,filfox,2026-03-05
f096824,YC—f096824,filfox,2026-03-05
f096943,datastone&Taurus,filfox,2026-03-05
f09696,WhaleEx,filfox,2026-03-05
f097214,CryptoHash,filfox,2026-03-05
f09731,FIRST_FIL,filfox,2026-03-05
f097370,尚方云际,filfox,2026-03-05
f097386,SuanLiFeng-SW-Nebula,filfox,2026-03-05
f097432,solar,filfox,2026-03-05
f097569,IFILE-SHENZHEN-NODES,filfox,2026-03-05
f097618,GodenHealthMining,filfox,2026-03-05
f097658,星际网-51513,filfox,2026-03-05
f097687,山东星际云,filfox,2026-03-05
f09771,xinqishuju,filfox,2026-03-05
f097720,PLUSTER,filfox,2026-03-05
f097777,Molfar,filfox,2026-03-05
f097840,xingtongkeji,filfox,2026-03-05
f0984680,IBSC,filfox,2026-03-05
f09848,BigBearLake,filrep,2026-03-05
f0984905,Taejin Solution IDC,filfox,2026-03-05
f0986118,IPFSKDC-ACCOUNT2,filfox,2026-03-05
f098664,时代海创1,filfox,2026-03-05
f098706,MAXPIA ICT & MAXPIA Global,filfox,2026-03-05
f098770,StorageHive3,filfox,2026-03-05
f099021,easy_no03,filfox,2026-03-05
f099025,Easy No1,filfox,2026-03-05
f09912,Cory Schwartz,filfox,2026-03-05
f099156,The Global Data Storage,filfox,2026-03-05
f099247,BDCminer-α,filfox,2026-03-05
f099387,IFIL艾菲尔实验室@河北桓洲,filfox,2026-03-05
f099608,tan,filfox,2026-03-05
f099884,Stariver,filfox,2026-03-05
f099949,瑞祥锦官,filfox,2026-03-05
